# source: poetry; MIT (chinese-poetry), pinyin CC BY 4.0 (Wanxiang); see sources.json and SOURCES.md
一个不做声	yi ge bu zuo sheng	80	2026-10-03		poetry
一个山头一只虎	yi ge shan tou yi zhi hu	80	2026-10-03		poetry
一举首登龙虎榜	yi ju shou deng long hu bang	80	2026-10-03		poetry
一事无成两鬓丝	yi shi wu cheng liang bin si	80	2026-10-03		poetry
一人一般心	yi ren yi ban xin	80	2026-10-03		poetry
一人不得二人计	yi ren bu de er ren ji	80	2026-10-03		poetry
一人知识有限	yi ren zhi shi you xian	80	2026-10-03		poetry
一人舍死	yi ren she si	80	2026-10-03		poetry
一从梅粉褪残妆	yi cong mei fen tun can zhuang	80	2026-10-03		poetry
一任晚山相对愁	yi ren wan shan xiang dui chou	80	2026-10-03		poetry
一切都是命	yi qie dou shi ming	80	2026-10-03		poetry
一叶寒涛	yi ye han tao	80	2026-10-03		poetry
一团茅草乱蓬蓬	yi tuan mao cao luan peng peng	80	2026-10-03		poetry
一墀月浸紫薇花	yi chi yue jin zi wei hua	80	2026-10-03		poetry
一夜云屏寒怯	yi ye yun ping han qie	80	2026-10-03		poetry
一夜受孤凄	yi ye shou gu qi	80	2026-10-03		poetry
一夜春折威	yi ye chun zhe wei	80	2026-10-03		poetry
一夜相思老	yi ye xiang si lao	80	2026-10-03		poetry
一夫不耕	yi fu bu geng	80	2026-10-03		poetry
一女不织	yi nv bu zhi	80	2026-10-03		poetry
一字入公门	yi zi ru gong men	80	2026-10-03		poetry
一家之计在于和	yi jia zhi ji zai yu he	80	2026-10-03		poetry
一家养女百家求	yi jia yang nv bai jia qiu	80	2026-10-03		poetry
一家打墙两家好看	yi jia da qiang liang jia hao kan	80	2026-10-03		poetry
一家饱暖千家怨	yi jia bao nuan qian jia yuan	80	2026-10-03		poetry
一屡新蟾	yi lv xin chan	80	2026-10-03		poetry
一帘秋霁	yi lian qiu ji	80	2026-10-03		poetry
一忿而折平生之福	yi fen er zhe ping sheng zhi fu	80	2026-10-03		poetry
一日下九滩	yi ri xia jiu tan	80	2026-10-03		poetry
一日不可无常业	yi ri bu ke wu chang ye	80	2026-10-03		poetry
一日之计在于寅	yi ri zhi ji zai yu yin	80	2026-10-03		poetry
一日夫妻	yi ri fu qi	80	2026-10-03		poetry
一日春工十日粮	yi ri chun gong shi ri liang	80	2026-10-03		poetry
一旦坏之有余	yi dan huai zhi you yu	80	2026-10-03		poetry
一旦无命万事休	yi dan wu ming wan shi xiu	80	2026-10-03		poetry
一时劝人以口	yi shi quan ren yi kou	80	2026-10-03		poetry
一曲升平人尽乐	yi qu sheng ping ren jin le	80	2026-10-03		poetry
一枕小窗浓睡	yi zhen xiao chuang nong shui	80	2026-10-03		poetry
一枕新凉一扇风	yi zhen xin liang yi shan feng	80	2026-10-03		poetry
一梦扬州	yi meng yang zhou	80	2026-10-03		poetry
一樽竟藉青苔卧	yi zun jing jie qing tai wo	80	2026-10-03		poetry
一樽聊为晚凉开	yi zun liao wei wan liang kai	80	2026-10-03		poetry
一毫之善	yi hao zhi shan	80	2026-10-03		poetry
一泓清可沁诗脾	yi hong qing ke qin shi pi	80	2026-10-03		poetry
一波湘水	yi bo xiang shui	80	2026-10-03		poetry
一滴何曾到九泉	yi di he ceng dao jiu quan	80	2026-10-03		poetry
一片云间不相识	yi pian yun jian bu xiang shi	80	2026-10-03		poetry
一片花飞减却春	yi pian hua fei jian que chun	80	2026-10-03		poetry
一物不见赖千家	yi wu bu jian lai qian jia	80	2026-10-03		poetry
一生之计在于勤	yi sheng zhi ji zai yu qin	80	2026-10-03		poetry
一生都是命安排	yi sheng dou shi ming an pai	80	2026-10-03		poetry
一番萧瑟禁烟中	yi fan xiao se jin yan zhong	80	2026-10-03		poetry
一苗露水一苗草	yi miao lu shui yi miao cao	80	2026-10-03		poetry
一言不中	yi yan bu zhong	80	2026-10-03		poetry
一言而让他人之祸	yi yan er rang ta ren zhi huo	80	2026-10-03		poetry
一马不行百马忧	yi ma bu xing bai ma you	80	2026-10-03		poetry
七十二行出状元	qi shi er hang chu zhuang yuan	80	2026-10-03		poetry
万事不由人计较	wan shi bu you ren ji jiao	80	2026-10-03		poetry
万事前身定	wan shi qian shen ding	80	2026-10-03		poetry
万事劝人休瞒昧	wan shi quan ren xiu man mei	80	2026-10-03		poetry
万人难当	wan ren nan dang	80	2026-10-03		poetry
万家杨柳轻烟里	wan jia yang liu qing yan li	80	2026-10-03		poetry
万烛当楼宝扇开	wan zhu dang lou bao shan kai	80	2026-10-03		poetry
万物已随秋气改	wan wu yi sui qiu qi gai	80	2026-10-03		poetry
万物静观皆自得	wan wu jing guan jie zi de	80	2026-10-03		poetry
万般方寸	wan ban fang cun	80	2026-10-03		poetry
万言万中不如一默	wan yan wan zhong bu ru yi mo	80	2026-10-03		poetry
万贯结邻	wan guan jie lin	80	2026-10-03		poetry
万里孤云	wan li gu yun	80	2026-10-03		poetry
万金良药	wan jin liang yao	80	2026-10-03		poetry
三两黄铜四两福	san liang huang tong si liang fu	80	2026-10-03		poetry
三人行必有我师焉	san ren xing bi you wo shi yan	80	2026-10-03		poetry
三十不豪	san shi bu hao	80	2026-10-03		poetry
三千里外却逢君	san qian li wai que feng jun	80	2026-10-03		poetry
三员长者当官员	san yuan zhang zhe dang guan yuan	80	2026-10-03		poetry
三年事成	san nian shi cheng	80	2026-10-03		poetry
三年口生	san nian kou sheng	80	2026-10-03		poetry
三月正当三十日	san yue zheng dang san shi ri	80	2026-10-03		poetry
三月残花落更开	san yue can hua luo geng kai	80	2026-10-03		poetry
三贫三富不到老	san pin san fu bu dao lao	80	2026-10-03		poetry
三郎沉醉打球回	san lang chen zui da qiu hui	80	2026-10-03		poetry
上冢亦携庞老家	shang zhong yi xie pang lao jia	80	2026-10-03		poetry
上林花满枝	shang lin hua man zhi	80	2026-10-03		poetry
上琴台去	shang qin tai qu	80	2026-10-03		poetry
下方城郭近	xia fang cheng guo jin	80	2026-10-03		poetry
下有绿水之波澜	xia you lv shui zhi bo lan	80	2026-10-03		poetry
下来闲处从容立	xia lai xian chu cong rong li	80	2026-10-03		poetry
下离烟水	xia li yan shui	80	2026-10-03		poetry
下马还寻	xia ma hai xun	80	2026-10-03		poetry
不以我为德	bu yi wo wei de	80	2026-10-03		poetry
不会凫水怨河湾	bu hui fu shui yuan he wan	80	2026-10-03		poetry
不会犁田怨枷担	bu hui li tian yuan jia dan	80	2026-10-03		poetry
不会说无理	bu hui shuo wu li	80	2026-10-03		poetry
不作铅华御	bu zuo qian hua yu	80	2026-10-03		poetry
不信东风唤不回	bu xin dong feng huan bu hui	80	2026-10-03		poetry
不击乃无烟	bu ji nai wu yan	80	2026-10-03		poetry
不到白头死	bu dao bai tou si	80	2026-10-03		poetry
不卖香烧无剩钱	bu mai xiang shao wu sheng qian	80	2026-10-03		poetry
不卷重帘	bu juan zhong lian	80	2026-10-03		poetry
不受尘埃半点侵	bu shou chen ai ban dian qin	80	2026-10-03		poetry
不可信其无	bu ke xin qi wu	80	2026-10-03		poetry
不可做官	bu ke zuo guan	80	2026-10-03		poetry
不可无行止	bu ke wu xing zhi	80	2026-10-03		poetry
不可曲中求	bu ke qu zhong qiu	80	2026-10-03		poetry
不可生喜幸心	bu ke sheng xi xing xin	80	2026-10-03		poetry
不可生嫉妒心	bu ke sheng ji du xin	80	2026-10-03		poetry
不可素口骂人	bu ke su kou ma ren	80	2026-10-03		poetry
不同祖宗也同华	bu tong zu zong ye tong hua	80	2026-10-03		poetry
不向东风怨未开	bu xiang dong feng yuan wei kai	80	2026-10-03		poetry
不向牛山滴	bu xiang niu shan di	80	2026-10-03		poetry
不听清歌也泪垂	bu ting qing ge ye lei chui	80	2026-10-03		poetry
不因渔夫引	bu yin yu fu yin	80	2026-10-03		poetry
不在五湖中	bu zai wu hu zhong	80	2026-10-03		poetry
不在岸上亡	bu zai an shang wang	80	2026-10-03		poetry
不堪重记	bu kan zhong ji	80	2026-10-03		poetry
不如孤月独明	bu ru gu yue du ming	80	2026-10-03		poetry
不如无疾	bu ru wu ji	80	2026-10-03		poetry
不如明解经书	bu ru ming jie jing shu	80	2026-10-03		poetry
不如暗处一灯	bu ru an chu yi deng	80	2026-10-03		poetry
不如薄艺在身	bu ru bao yi zai shen	80	2026-10-03		poetry
不如见症多	bu ru jian zheng duo	80	2026-10-03		poetry
不婚不嫁惹出笑话	bu hun bu jia re chu xiao hua	80	2026-10-03		poetry
不嫖莫转	bu piao mo zhuan	80	2026-10-03		poetry
不孝怨父母	bu xiao yuan fu mu	80	2026-10-03		poetry
不学不好	bu xue bu hao	80	2026-10-03		poetry
不学亦徒然	bu xue yi tu ran	80	2026-10-03		poetry
不学如草如蒿	bu xue ru cao ru hao	80	2026-10-03		poetry
不尽长江衮衮来	bu jin chang jiang gun gun lai	80	2026-10-03		poetry
不必强合	bu bi qiang he	80	2026-10-03		poetry
不忍不耐	bu ren bu nai	80	2026-10-03		poetry
不怕三十而死	bu pa san shi er si	80	2026-10-03		poetry
不怕方中打死人	bu pa fang zhong da si ren	80	2026-10-03		poetry
不怕有后灾	bu pa you hou zai	80	2026-10-03		poetry
不怕问到	bu pa wen dao	80	2026-10-03		poetry
不愁无路	bu chou wu lu	80	2026-10-03		poetry
不拜父母拜干亲	bu bai fu mu bai gan qin	80	2026-10-03		poetry
不搽红粉也风流	bu cha hong fen ye feng liu	80	2026-10-03		poetry
不教归去	bu jiao gui qu	80	2026-10-03		poetry
不是愁中即病中	bu shi chou zhong ji bing zhong	80	2026-10-03		poetry
不是才人莫献诗	bu shi cai ren mo xian shi	80	2026-10-03		poetry
不是撑船手	bu shi cheng chuan shou	80	2026-10-03		poetry
不是真善	bu shi zhen shan	80	2026-10-03		poetry
不是知音莫与谈	bu shi zhi yin mo yu tan	80	2026-10-03		poetry
不是这般题目	bu shi zhe ban ti mu	80	2026-10-03		poetry
不涉你目	bu she ni mu	80	2026-10-03		poetry
不涉你足	bu she ni zu	80	2026-10-03		poetry
不淫当斋	bu yin dang zhai	80	2026-10-03		poetry
不照人圆	bu zhao ren yuan	80	2026-10-03		poetry
不知其可也	bu zhi qi ke ye	80	2026-10-03		poetry
不知春去几多时	bu zhi chun qu ji duo shi	80	2026-10-03		poetry
不知春在谁家	bu zhi chun zai shui jia	80	2026-10-03		poetry
不知莫向	bu zhi mo xiang	80	2026-10-03		poetry
不知蛮素	bu zhi man su	80	2026-10-03		poetry
不知难处	bu zhi nan chu	80	2026-10-03		poetry
不离衙门前	bu li ya men qian	80	2026-10-03		poetry
不解伤春	bu jie shang chun	80	2026-10-03		poetry
不说自己井绳短	bu shuo zi ji jing sheng duan	80	2026-10-03		poetry
不赌莫看	bu du mo kan	80	2026-10-03		poetry
不道人间巧已多	bu dao ren jian qiao yi duo	80	2026-10-03		poetry
与人不睦	yu ren bu mu	80	2026-10-03		poetry
与人交财便知心	yu ren jiao cai bian zhi xin	80	2026-10-03		poetry
与写宜男双带	yu xie yi nan shuang dai	80	2026-10-03		poetry
与君游戏	yu jun you xi	80	2026-10-03		poetry
与把香罗偷解	yu ba xiang luo tou jie	80	2026-10-03		poetry
与梅井作十分春	yu mei jing zuo shi fen chun	80	2026-10-03		poetry
与肩挑贸易	yu jian tiao mao yi	80	2026-10-03		poetry
与说相思	yu shuo xiang si	80	2026-10-03		poetry
且将此恨	qie jiang ci hen	80	2026-10-03		poetry
且看容颜便得知	qie kan rong yan bian dei zhi	80	2026-10-03		poetry
世上应无切齿人	shi shang ying wu qie chi ren	80	2026-10-03		poetry
世上新人赶旧人	shi shang xin ren gan jiu ren	80	2026-10-03		poetry
世上无直人	shi shang wu zhi ren	80	2026-10-03		poetry
世上无闲人	shi shang wu xian ren	80	2026-10-03		poetry
世上最难得者兄弟	shi shang zui nan de zhe xiong di	80	2026-10-03		poetry
世上漫相识	shi shang man xiang shi	80	2026-10-03		poetry
世上若要人情好	shi shang ruo yao ren qing hao	80	2026-10-03		poetry
世上难逢百岁人	shi shang nan feng bai sui ren	80	2026-10-03		poetry
世事如云任卷舒	shi shi ru yun ren juan shu	80	2026-10-03		poetry
世事如明镜	shi shi ru ming jing	80	2026-10-03		poetry
世事如棋局局新	shi shi ru qi ju ju xin	80	2026-10-03		poetry
世事无端何足计	shi shi wu duan he zu ji	80	2026-10-03		poetry
世事磋跎成白首	shi shi cuo tuo cheng bai shou	80	2026-10-03		poetry
世间无水不朝东	shi jian wu shui bu chao dong	80	2026-10-03		poetry
世间痛恨事	shi jian tong hen shi	80	2026-10-03		poetry
东君同意	dong jun tong yi	80	2026-10-03		poetry
东园岑寂	dong yuan cen ji	80	2026-10-03		poetry
东园载酒西园醉	dong yuan zai jiu xi yuan zui	80	2026-10-03		poetry
东城闲步	dong cheng xian bu	80	2026-10-03		poetry
东屋未补西屋破	dong wu wei bu xi wu po	80	2026-10-03		poetry
东皋过遍	dong gao guo bian	80	2026-10-03		poetry
东篱把洒黄昏后	dong li ba sa huang hun hou	80	2026-10-03		poetry
东风似旧	dong feng si jiu	80	2026-10-03		poetry
东风吹住	dong feng chui zhu	80	2026-10-03		poetry
东风吹水绿参差	dong feng chui shui lv cen ci	80	2026-10-03		poetry
东风渐绿西湖柳	dong feng jian lv xi hu liu	80	2026-10-03		poetry
东风销尽龙沙雪	dong feng xiao jin long sha xue	80	2026-10-03		poetry
丝丝夭棘出莓墙	si si yao ji chu mei qiang	80	2026-10-03		poetry
丝丝窗隙	si si chuang xi	80	2026-10-03		poetry
丝毫不可有闪失	si hao bu ke you shan shi	80	2026-10-03		poetry
丝纶阁下文章静	si lun ge xia wen zhang jing	80	2026-10-03		poetry
两两时禽噪夕阳	liang liang shi qin zao xi yang	80	2026-10-03		poetry
两人一般心	liang ren yi ban xin	80	2026-10-03		poetry
中酒心情怕杯勺	zhong jiu xin qing pa bei shao	80	2026-10-03		poetry
丰乐楼前	feng le lou qian	80	2026-10-03		poetry
临危许行善	lin wei xu xing shan	80	2026-10-03		poetry
临安南渡	lin an nan du	80	2026-10-03		poetry
临老始读经	lin lao shi du jing	80	2026-10-03		poetry
为人不做亏心事	wei ren bu zuo kui xin shi	80	2026-10-03		poetry
为人何必争高下	wei ren he bi zheng gao xia	80	2026-10-03		poetry
为人若此	wei ren ruo ci	80	2026-10-03		poetry
为人莫当官	wei ren mo dang guan	80	2026-10-03		poetry
为人莫犯法	wei ren mo fan fa	80	2026-10-03		poetry
为伊才减江淹	wei yi cai jian jiang yan	80	2026-10-03		poetry
为伊落泪	wei yi luo lei	80	2026-10-03		poetry
为官心存君国	wei guan xin cun jun guo	80	2026-10-03		poetry
为问花何在	wei wen hua he zai	80	2026-10-03		poetry
为问蟠桃熟也无	wei wen pan tao shu ye wu	80	2026-10-03		poetry
丽谯吹罢	li qiao chui ba	80	2026-10-03		poetry
乃与秦塞通人烟	nai yu qin sai tong ren yan	80	2026-10-03		poetry
久住令人贱	jiu zhu ling ren jian	80	2026-10-03		poetry
久住难为人	jiu zhu nan wei ren	80	2026-10-03		poetry
久利之事莫为	jiu li zhi shi mo wei	80	2026-10-03		poetry
久必受其累	jiu bi shou qi lei	80	2026-10-03		poetry
久斑两鬓如霜雪	jiu ban liang bin ru shuang xue	80	2026-10-03		poetry
久炼必成钢	jiu lian bi cheng gang	80	2026-10-03		poetry
义不掌财	yi bu zhang cai	80	2026-10-03		poetry
义公习禅寂	yi gong xi chan ji	80	2026-10-03		poetry
乌鹊巢寒月一枝	wu que chao han yue yi zhi	80	2026-10-03		poetry
乍可幽窗相伴	zha ke you chuang xiang ban	80	2026-10-03		poetry
乍窥门户	zha kui men hu	80	2026-10-03		poetry
乐事还同万众心	le shi hai tong wan zhong xin	80	2026-10-03		poetry
乖僻自是	guai pi zi shi	80	2026-10-03		poetry
九牛拔不出	jiu niu ba bu chu	80	2026-10-03		poetry
九辨难招	jiu bian nan zhao	80	2026-10-03		poetry
九龄已老韩休死	jiu ling yi lao han xiu si	80	2026-10-03		poetry
乞丐无粮	qi gai wu liang	80	2026-10-03		poetry
也则眼前愁闷	ye ze yan qian chou men	80	2026-10-03		poetry
也即难留	ye ji nan liu	80	2026-10-03		poetry
也应惊问	ye ying jing wen	80	2026-10-03		poetry
也应无计避征徭	ye ying wu ji bi zheng yao	80	2026-10-03		poetry
也应梦见	ye ying meng jian	80	2026-10-03		poetry
也拟疏狂图一醉	ye ni shu kuang tu yi zui	80	2026-10-03		poetry
也教插柳纪年华	ye jiao cha liu ji nian hua	80	2026-10-03		poetry
也笑人岑寂	ye xiao ren cen ji	80	2026-10-03		poetry
也被旁人说是非	ye bei pang ren shuo shi fei	80	2026-10-03		poetry
也要几个人	ye yao ji ge ren	80	2026-10-03		poetry
乡间无强汉	xiang jian wu qiang han	80	2026-10-03		poetry
书中自有千锺粟	shu zhong zi you qian zhong su	80	2026-10-03		poetry
书中长恨	shu zhong chang hen	80	2026-10-03		poetry
书堂隐相儒	shu tang yin xiang ru	80	2026-10-03		poetry
书差方便如行善	shu cha fang bian ru xing shan	80	2026-10-03		poetry
买卖不饶针	mai mai bu rao zhen	80	2026-10-03		poetry
买卖公平如积德	mai mai gong ping ru ji de	80	2026-10-03		poetry
买田买地不如买书	mai tian mai di bu ru mai shu	80	2026-10-03		poetry
买货买得真	mai huo mai de zhen	80	2026-10-03		poetry
乱弦丛笛	luan xian cong di	80	2026-10-03		poetry
乱扑行人面	luan pu xing ren mian	80	2026-10-03		poetry
乱点桃蹊	luan dian tao qi	80	2026-10-03		poetry
乱红无数	luan hong wu shu	80	2026-10-03		poetry
乱蛩吟壁	luan qiong yin bi	80	2026-10-03		poetry
乱鸦啼暝	luan ya ti ming	80	2026-10-03		poetry
乳鸦啼散玉屏空	ru ya ti san yu ping kong	80	2026-10-03		poetry
乳鸭池塘水浅深	ru ya chi tang shui qian shen	80	2026-10-03		poetry
乾坤日月浮	qian kun ri yue fu	80	2026-10-03		poetry
争他一脚豚	zheng ta yi jiao tun	80	2026-10-03		poetry
争得猫儿	zheng de mao er	80	2026-10-03		poetry
争忍花前不醉归	zheng ren hua qian bu zui gui	80	2026-10-03		poetry
争念岁寒飘泊	zheng nian sui han piao bo	80	2026-10-03		poetry
事不为不成	shi bu wei bu cheng	80	2026-10-03		poetry
事不关己不劳心	shi bu guan ji bu lao xin	80	2026-10-03		poetry
事不得全	shi bu de quan	80	2026-10-03		poetry
事不遂心莫怨天	shi bu sui xin mo yuan tian	80	2026-10-03		poetry
事从根起	shi cong gen qi	80	2026-10-03		poetry
事到临头不自由	shi dao lin tou bu zi you	80	2026-10-03		poetry
事多累了自己	shi duo lei le zi ji	80	2026-10-03		poetry
事大如天醉亦休	shi da ru tian zui yi xiu	80	2026-10-03		poetry
事宽则园	shi kuan ze yuan	80	2026-10-03		poetry
事要解交人	shi yao jie jiao ren	80	2026-10-03		poetry
事过心清凉	shi guo xin qing liang	80	2026-10-03		poetry
事非亲做	shi fei qin zuo	80	2026-10-03		poetry
事非亲见	shi fei qin jian	80	2026-10-03		poetry
事非经过不知难	shi fei jing guo bu zhi nan	80	2026-10-03		poetry
二分尘土	er fen chen tu	80	2026-10-03		poetry
二十五弦弹夜月	er shi wu xian dan ye yue	80	2026-10-03		poetry
于今腐草无萤火	yu jin fu cao wu ying huo	80	2026-10-03		poetry
亏人是祸	kui ren shi huo	80	2026-10-03		poetry
云中君不降	yun zhong jun bu jiang	80	2026-10-03		poetry
云意还又沈沈	yun yi hai you chen chen	80	2026-10-03		poetry
云标金阙回	yun biao jin que hui	80	2026-10-03		poetry
云此最吉余难同	yun ci zui ji yu nan tong	80	2026-10-03		poetry
云澹星疏楚山晓	yun dan xing shu chu shan xiao	80	2026-10-03		poetry
云物凄凉拂署流	yun wu qi liang bi shu liu	80	2026-10-03		poetry
云锁重楼	yun suo chong lou	80	2026-10-03		poetry
云间仙籁寂无声	yun jian xian lai ji wu sheng	80	2026-10-03		poetry
云雨虽亡日月新	yun yu sui wang ri yue xin	80	2026-10-03		poetry
五十将来寻死路	wu shi jiang lai xun si lu	80	2026-10-03		poetry
五月榴花照眼明	wu yue liu hua zhao yan ming	80	2026-10-03		poetry
五湖烟景有谁争	wu hu yan jing you shui zheng	80	2026-10-03		poetry
五百年前共一家	wu bai nian qian gong yi jia	80	2026-10-03		poetry
五行八字命生成	wu xing ba zi ming sheng cheng	80	2026-10-03		poetry
五陵裘马自轻肥	wu ling qiu ma zi qing fei	80	2026-10-03		poetry
井梧零乱惹残烟	jing wu ling luan re can yan	80	2026-10-03		poetry
井水不打不满边	jing shui bu da bu man bian	80	2026-10-03		poetry
交交时作弄机声	jiao jiao shi zuo nong ji sheng	80	2026-10-03		poetry
亦有余欢	yi you yu huan	80	2026-10-03		poetry
亲见霓裳	qin jian ni chang	80	2026-10-03		poetry
人上十口难盘	ren shang shi kou nan pan	80	2026-10-03		poetry
人不如我我常知足	ren bu ru wo wo chang zhi zu	80	2026-10-03		poetry
人不知己过	ren bu zhi ji guo	80	2026-10-03		poetry
人不走不亲	ren bu zou bu qin	80	2026-10-03		poetry
人不通今古	ren bu tong jin gu	80	2026-10-03		poetry
人亲财不亲	ren qin cai bu qin	80	2026-10-03		poetry
人人依礼仪	ren ren yi li yi	80	2026-10-03		poetry
人似天远	ren si tian yuan	80	2026-10-03		poetry
人似黄花瘦	ren si huang hua shou	80	2026-10-03		poetry
人到中年万事休	ren dao zhong nian wan shi xiu	80	2026-10-03		poetry
人命在天	ren ming zai tian	80	2026-10-03		poetry
人命常出奸情	ren ming chang chu jian qing	80	2026-10-03		poetry
人在家中坐	ren zai jia zhong zuo	80	2026-10-03		poetry
人太急则无智	ren tai ji ze wu zhi	80	2026-10-03		poetry
人学始知道	ren xue shi zhi dao	80	2026-10-03		poetry
人家在否	ren jia zai fou	80	2026-10-03		poetry
人将礼义为先	ren jiang li yi wei xian	80	2026-10-03		poetry
人强不如货强	ren qiang bu ru huo qiang	80	2026-10-03		poetry
人心比天高	ren xin bi tian gao	80	2026-10-03		poetry
人心犹未足	ren xin you wei zu	80	2026-10-03		poetry
人怕三见面	ren pa san jian mian	80	2026-10-03		poetry
人怕不是福	ren pa bu shi fu	80	2026-10-03		poetry
人情大过王法	ren qing da guo wang fa	80	2026-10-03		poetry
人情送匹马	ren qing song pi ma	80	2026-10-03		poetry
人无喜色休开店	ren wu xi se xiu kai dian	80	2026-10-03		poetry
人有几等	ren you ji deng	80	2026-10-03		poetry
人有喜庆	ren you xi qing	80	2026-10-03		poetry
人有祸患	ren you huo huan	80	2026-10-03		poetry
人未南归	ren wei nan gui	80	2026-10-03		poetry
人欺不是辱	ren qi bu shi ru	80	2026-10-03		poetry
人毒不堪亲	ren du bu kan qin	80	2026-10-03		poetry
人烟小径通	ren yan xiao jing tong	80	2026-10-03		poetry
人生知足时常足	ren sheng zhi zu shi chang zu	80	2026-10-03		poetry
人穷志莫穷	ren qiong zhi mo qiong	80	2026-10-03		poetry
人穷误口齿	ren qiong wu kou chi	80	2026-10-03		poetry
人老偷闲且是闲	ren lao tou xian qie shi xian	80	2026-10-03		poetry
人老心未老	ren lao xin wei lao	80	2026-10-03		poetry
人能处处能	ren neng chu chu neng	80	2026-10-03		poetry
人见白头嗔	ren jian bai tou chen	80	2026-10-03		poetry
人言未必犹尽	ren yan wei bi you jin	80	2026-10-03		poetry
人轻者便是自轻	ren qing zhe bian shi zi qing	80	2026-10-03		poetry
人间和气阁春阴	ren jian he qi ge chun yin	80	2026-10-03		poetry
人间夜宿解双凫	ren jian ye su jie shuang fu	80	2026-10-03		poetry
今年又说明年富	jin nian you shuo ming nian fu	80	2026-10-03		poetry
今年汉初赐	jin nian han chu ci	80	2026-10-03		poetry
从今更数	cong jin geng shu	80	2026-10-03		poetry
从前恩爱反为仇	cong qian en ai fan wei chou	80	2026-10-03		poetry
从前欢会	cong qian huan hui	80	2026-10-03		poetry
他人未知忙	ta ren wei zhi mang	80	2026-10-03		poetry
他人碌碌	ta ren lu lu	80	2026-10-03		poetry
他人观花	ta ren guan hua	80	2026-10-03		poetry
他年重到	ta nian chong dao	80	2026-10-03		poetry
他弓莫挽	ta gong mo wan	80	2026-10-03		poetry
他时饱暖谢苍天	ta shi bao nuan xie cang tian	80	2026-10-03		poetry
他马莫骑	ta ma mo qi	80	2026-10-03		poetry
仗酒清愁	zhang jiu qing chou	80	2026-10-03		poetry
付与金尊	fu yu jin zun	80	2026-10-03		poetry
仙坞迷津	xian wu mi jin	80	2026-10-03		poetry
以理统天下	yi li tong tian xia	80	2026-10-03		poetry
价高不如口便	jia gao bu ru kou bian	80	2026-10-03		poetry
任宝奁闲掩	ren bao lian xian yan	80	2026-10-03		poetry
任是深山最深处	ren shi shen shan zui shen chu	80	2026-10-03		poetry
休别有鱼处	xiu bie you yu chu	80	2026-10-03		poetry
休去倚危楼	xiu qu yi wei lou	80	2026-10-03		poetry
休念故乡生处好	xiu nian gu xiang sheng chu hao	80	2026-10-03		poetry
休说鲈鱼堪	xiu shuo lu yu kan	80	2026-10-03		poetry
休问梁园旧宾客	xiu wen liang yuan jiu bin ke	80	2026-10-03		poetry
众争之地莫往	zhong zheng zhi di mo wang	80	2026-10-03		poetry
众芳摇落独鲜妍	zhong fang yao luo du xian yan	80	2026-10-03		poetry
会买买怕人	hui mai mai pa ren	80	2026-10-03		poetry
会使不在家富豪	hui shi bu zai jia fu hao	80	2026-10-03		poetry
会卖卖怕人	hui mai mai pa ren	80	2026-10-03		poetry
会打三班鼓	hui da san ban gu	80	2026-10-03		poetry
会解连环	hui jie lian huan	80	2026-10-03		poetry
会说说都是	hui shuo shuo dou shi	80	2026-10-03		poetry
传与风光共流转	chuan yu feng guang gong liu zhuan	80	2026-10-03		poetry
伤心话莫说	shang xin hua mo shuo	80	2026-10-03		poetry
伤时清泪	shang shi qing lei	80	2026-10-03		poetry
伤离意绪	shang li yi xu	80	2026-10-03		poetry
伤身事莫做	shang shen shi mo zuo	80	2026-10-03		poetry
伦常乖舛	lun chang guai chuan	80	2026-10-03		poetry
似我不如无	si wo bu ru wu	80	2026-10-03		poetry
但倚楼极目	dan yi lou ji mu	80	2026-10-03		poetry
但听口中言	dan ting kou zhong yan	80	2026-10-03		poetry
但存方寸土	dan cun fang cun tu	80	2026-10-03		poetry
但将冷眼观螃蟹	dan jiang leng yan guan pang xie	80	2026-10-03		poetry
但殷勤折取	dan yin qin zhe qu	80	2026-10-03		poetry
但求不愧吾心	dan qiu bu kui wu xin	80	2026-10-03		poetry
但求心无愧	dan qiu xin wu kui	80	2026-10-03		poetry
但看三五日	dan kan san wu ri	80	2026-10-03		poetry
但知江湖者	dan zhi jiang hu zhe	80	2026-10-03		poetry
但约明年	dan yue ming nian	80	2026-10-03		poetry
但能守本分	dan neng shou ben fen	80	2026-10-03		poetry
但茫茫暮霭	dan mang mang mu ai	80	2026-10-03		poetry
但见悲鸟号枯木	dan jian bei niao hao ku mu	80	2026-10-03		poetry
但逢佳节约重陪	dan feng jia jie yue zhong pei	80	2026-10-03		poetry
低人求高难	di ren qiu gao nan	80	2026-10-03		poetry
低底按小秦筝	di di an xiao qin zheng	80	2026-10-03		poetry
体无病为富贵	ti wu bing wei fu gui	80	2026-10-03		poetry
何不回头把己量	he bu hui tou ba ji liang	80	2026-10-03		poetry
何似长相守	he si chang xiang shou	80	2026-10-03		poetry
何处出尘氛	he chu chu chen fen	80	2026-10-03		poetry
何如此地春	he ru ci di chun	80	2026-10-03		poetry
何意重红满地	he yi zhong hong man di	80	2026-10-03		poetry
何曾会人言语	he ceng hui ren yan yu	80	2026-10-03		poetry
何用灵山朝世尊	he yong ling shan chao shi zun	80	2026-10-03		poetry
何门致此身	he men zhi ci shen	80	2026-10-03		poetry
余响入霜钟	yu xiang ru shuang zhong	80	2026-10-03		poetry
余音嘹亮尚飘空	yu yin liao liang shang piao kong	80	2026-10-03		poetry
余香乍入衣	yu xiang zha ru yi	80	2026-10-03		poetry
作个归期天已许	zuo ge gui qi tian yi xu	80	2026-10-03		poetry
作善鬼神钦	zuo shan gui shen qin	80	2026-10-03		poetry
作客莫在后	zuo ke mo zai hou	80	2026-10-03		poetry
作恶遭天遣	zuo e zao tian qian	80	2026-10-03		poetry
作恶难逃	zuo e nan tao	80	2026-10-03		poetry
佩声归到凤池头	pei sheng gui dao feng chi tou	80	2026-10-03		poetry
佳人何处	jia ren he chu	80	2026-10-03		poetry
佳人春戏小楼前	jia ren chun xi xiao lou qian	80	2026-10-03		poetry
佳约风流	jia yue feng liu	80	2026-10-03		poetry
佳音密耗	jia yin mi hao	80	2026-10-03		poetry
使人听此雕朱颜	shi ren ting ci diao zhu yan	80	2026-10-03		poetry
使心用心	shi xin yong xin	80	2026-10-03		poetry
侍臣鹄立通明殿	shi chen hu li tong ming dian	80	2026-10-03		poetry
依依断桥鸥鹭	yi yi duan qiao ou lu	80	2026-10-03		poetry
依然枉却一东风	yi ran wang que yi dong feng	80	2026-10-03		poetry
便恁急桨凌波去	bian nen ji jiang ling bo qu	80	2026-10-03		poetry
便放慢春衫针线	bian fang man chun shan zhen xian	80	2026-10-03		poetry
便是大恶	bian shi da e	80	2026-10-03		poetry
便是好人	bian shi hao ren	80	2026-10-03		poetry
便是新举子	bian shi xin ju zi	80	2026-10-03		poetry
便翡翠屏开	bian fei cui ping kai	80	2026-10-03		poetry
便觉眼前生意满	bian jue yan qian sheng yi man	80	2026-10-03		poetry
便随风去	bian sui feng qu	80	2026-10-03		poetry
信知暮寒轻浅	xin zhi mu han qing qian	80	2026-10-03		poetry
信音辽邈	xin yin liao miao	80	2026-10-03		poetry
修竹凝妆	xiu zhu ning zhuang	80	2026-10-03		poetry
修起庙来鬼都老	xiu qi miao lai gui dou lao	80	2026-10-03		poetry
倒了城墙丑了县官	dao le cheng qiang chou le xian guan	80	2026-10-03		poetry
候火云峰峻	hou huo yun feng jun	80	2026-10-03		poetry
借债经商	jie zhai jing shang	80	2026-10-03		poetry
借问客从何处来	jie wen ke cong he chu lai	80	2026-10-03		poetry
假缎染就真红色	jia duan ran jiu zhen hong se	80	2026-10-03		poetry
停灯向晓	ting deng xiang xiao	80	2026-10-03		poetry
偶来松树下	ou lai song shu xia	80	2026-10-03		poetry
偷换韩香	tou huan han xiang	80	2026-10-03		poetry
偷理绡裙	tou li xiao qun	80	2026-10-03		poetry
偷黏草甲	tou nian cao jia	80	2026-10-03		poetry
僮仆勿用俊美	tong pu wu yong jun mei	80	2026-10-03		poetry
儿多不耐死	er duo bu nai si	80	2026-10-03		poetry
元戎歌吹	yuan rong ge chui	80	2026-10-03		poetry
兄弟叔侄	xiong di shu zhi	80	2026-10-03		poetry
兄弟和而家不分	xiong di he er jia bu fen	80	2026-10-03		poetry
兄弟相害	xiong di xiang hai	80	2026-10-03		poetry
光棍软如棉	guang gun ruan ru mian	80	2026-10-03		poetry
光阴能几时	guang yin neng ji shi	80	2026-10-03		poetry
免使年少	mian shi nian shao	80	2026-10-03		poetry
免得求人	mian de qiu ren	80	2026-10-03		poetry
免得百日之忧	mian de bai ri zhi you	80	2026-10-03		poetry
免得藕断丝不断	mian de ou duan si bu duan	80	2026-10-03		poetry
入门掠虎易	ru men lve hu yi	80	2026-10-03		poetry
全家受寒	quan jia shou han	80	2026-10-03		poetry
全家饿饭	quan jia e fan	80	2026-10-03		poetry
八字衙门向南开	ba zi ya men xiang nan kai	80	2026-10-03		poetry
八尺龙须方锦褥	ba chi long xu fang jin ru	80	2026-10-03		poetry
公侯肚内好撑船	gong hou du nei hao cheng chuan	80	2026-10-03		poetry
六朝旧事随流水	liu chao jiu shi sui liu shui	80	2026-10-03		poetry
六鳌海上驾山来	liu ao hai shang jia shan lai	80	2026-10-03		poetry
兰情蕙盼	lan qing hui pan	80	2026-10-03		poetry
兰成憔悴	lan cheng qiao cui	80	2026-10-03		poetry
兰芷满芳洲	lan zhi man fang zhou	80	2026-10-03		poetry
兰苑未空	lan yuan wei kong	80	2026-10-03		poetry
共君今夜不须睡	gong jun jin ye bu xu shui	80	2026-10-03		poetry
共感秋色	gong gan qiu se	80	2026-10-03		poetry
共有几许清愁	gong you ji xu qing chou	80	2026-10-03		poetry
关塞极天惟鸟道	guan sai ji tian wei niao dao	80	2026-10-03		poetry
关月冷遥随	guan yue leng yao sui	80	2026-10-03		poetry
关锁门户	guan suo men hu	80	2026-10-03		poetry
兴味萧然似野僧	xing wei xiao ran si ye seng	80	2026-10-03		poetry
兴来三弄有桓子	xing lai san nong you huan zi	80	2026-10-03		poetry
兴逐乱红穿柳巷	xing zhu luan hong chuan liu xiang	80	2026-10-03		poetry
其中礼和义	qi zhong li he yi	80	2026-10-03		poetry
养女不教如养猪	yang nv bu jiao ru yang zhu	80	2026-10-03		poetry
养女莫叫离母	yang nv mo jiao li mu	80	2026-10-03		poetry
养子不教如养驴	yang zi bu jiao ru yang lv	80	2026-10-03		poetry
养子方知父母恩	yang zi fang zhi fu mu en	80	2026-10-03		poetry
养家一般	yang jia yi ban	80	2026-10-03		poetry
养成寒碧映涟漪	yang cheng han bi ying lian yi	80	2026-10-03		poetry
养男莫听狂言	yang nan mo ting kuang yan	80	2026-10-03		poetry
再三留不住	zai san liu bu zhu	80	2026-10-03		poetry
再三追思	zai san zhui si	80	2026-10-03		poetry
再三须慎意	zai san xu shen yi	80	2026-10-03		poetry
写成闲话	xie cheng xian hua	80	2026-10-03		poetry
冤家抱头死	yuan jia bao tou si	80	2026-10-03		poetry
冰弦写怨更多情	bing xian xie yuan geng duo qing	80	2026-10-03		poetry
冰盘同宴喜	bing pan tong yan xi	80	2026-10-03		poetry
况伊销得人憔悴	kuang yi xiao de ren qiao cui	80	2026-10-03		poetry
况复筋骸粗康健	kuang fu jin hai cu kang jian	80	2026-10-03		poetry
况是清明好天气	kuang shi qing ming hao tian qi	80	2026-10-03		poetry
冷暖年来只自知	leng nuan nian lai zhi zi zhi	80	2026-10-03		poetry
冷淡燕脂匀注	leng dan yan zhi yun zhu	80	2026-10-03		poetry
冷芯数枝争发	leng xin shu zhi zheng fa	80	2026-10-03		poetry
冷落新诗	leng luo xin shi	80	2026-10-03		poetry
凄凉危阑倚遍	qi liang wei lan yi bian	80	2026-10-03		poetry
凄咽悲沈	qi yan bei shen	80	2026-10-03		poetry
准拟今春乐事浓	zhun ni jin chun le shi nong	80	2026-10-03		poetry
凉夜何其	liang ye he qi	80	2026-10-03		poetry
凌波步弱	ling bo bu ruo	80	2026-10-03		poetry
几个明人当知县	ji ge ming ren dang zhi xian	80	2026-10-03		poetry
几回惊妾梦	ji hui jing qie meng	80	2026-10-03		poetry
几回青琐点朝班	ji hui qing suo dian chao ban	80	2026-10-03		poetry
几声归雁	ji sheng gui yan	80	2026-10-03		poetry
几处园林萧瑟里	ji chu yuan lin xiao se li	80	2026-10-03		poetry
几多白屋出公卿	ji duo bai wu chu gong qing	80	2026-10-03		poetry
几度呼童扫不开	ji du hu tong sao bu kai	80	2026-10-03		poetry
几日寂寥伤酒后	ji ri ji liao shang jiu hou	80	2026-10-03		poetry
几段新愁	ji duan xin chou	80	2026-10-03		poetry
几篙官渡	ji gao guan du	80	2026-10-03		poetry
几行归去尽	ji hang gui qu jin	80	2026-10-03		poetry
几许盟言	ji xu meng yan	80	2026-10-03		poetry
几许销魂	ji xu xiao hun	80	2026-10-03		poetry
几许风流地	ji xu feng liu de	80	2026-10-03		poetry
凡事当留余地	fan shi dang liu yu di	80	2026-10-03		poetry
凭断云留取	ping duan yun liu qu	80	2026-10-03		poetry
凭栏十里芰荷香	ping lan shi li ji he xiang	80	2026-10-03		poetry
凭栏怀古	ping lan huai gu	80	2026-10-03		poetry
凭谁指与	ping shei zhi yu	80	2026-10-03		poetry
凭高望眼	ping gao wang yan	80	2026-10-03		poetry
凶多料必无争	xiong duo liao bi wu zheng	80	2026-10-03		poetry
出家如初	chu jia ru chu	80	2026-10-03		poetry
出门处处难	chu men chu chu nan	80	2026-10-03		poetry
出门方知少主人	chu men fang zhi shao zhu ren	80	2026-10-03		poetry
出门看天色	chu men kan tian se	80	2026-10-03		poetry
击石原有火	ji shi yuan you huo	80	2026-10-03		poetry
刀利伤人指	dao li shang ren zhi	80	2026-10-03		poetry
分曹限紫薇	fen cao xian zi wei	80	2026-10-03		poetry
切莫乱谈	qie mo luan tan	80	2026-10-03		poetry
切莫寻烦恼	qie mo xun fan nao	80	2026-10-03		poetry
切莫我负人	qie mo wo fu ren	80	2026-10-03		poetry
刘郎能记	liu lang neng ji	80	2026-10-03		poetry
刘郎鬓如此	liu lang bin ru ci	80	2026-10-03		poetry
初吃馒头	chu chi man tou	80	2026-10-03		poetry
初识长安蜂蝶	chu shi chang an feng die	80	2026-10-03		poetry
利与害同城	li yu hai tong cheng	80	2026-10-03		poetry
利刀割体疮犹使	li dao ge ti chuang you shi	80	2026-10-03		poetry
利欲驱人万火牛	li yu qu ren wan huo niu	80	2026-10-03		poetry
别时针线	bie shi zhen xian	80	2026-10-03		poetry
到得却相逢	dao de que xiang feng	80	2026-10-03		poetry
到江吴地尽	dao jiang wu di jin	80	2026-10-03		poetry
刻薄成家	ke bo cheng jia	80	2026-10-03		poetry
前事休说	qian shi xiu shuo	80	2026-10-03		poetry
前人俗语	qian ren su yu	80	2026-10-03		poetry
前宵更恁时候	qian xiao geng nen shi hou	80	2026-10-03		poetry
前帐未还后又拖	qian zhang wei huan hou you tuo	80	2026-10-03		poetry
前度刘郎今又来	qian du liu lang jin you lai	80	2026-10-03		poetry
前程暗似漆	qian cheng an si qi	80	2026-10-03		poetry
剔起佛前灯	ti qi fo qian deng	80	2026-10-03		poetry
剩雨蓬莱	sheng yu peng lai	80	2026-10-03		poetry
剪剪轻风阵阵寒	jian jian qing feng zhen zhen han	80	2026-10-03		poetry
劝人养鹅	quan ren yang e	80	2026-10-03		poetry
劝人架屋	quan ren jia wu	80	2026-10-03		poetry
劝人莫作	quan ren mo zuo	80	2026-10-03		poetry
劝君莫将油炒菜	quan jun mo jiang you chao cai	80	2026-10-03		poetry
劝我试作石鼓歌	quan wo shi zuo shi gu ge	80	2026-10-03		poetry
动口不如亲为	dong kou bu ru qin wei	80	2026-10-03		poetry
勤俭为无价之宝	qin jian wei wu jia zhi bao	80	2026-10-03		poetry
勤俭持家富	qin jian chi jia fu	80	2026-10-03		poetry
勤俭粮满仓	qin jian liang man cang	80	2026-10-03		poetry
勤奋耕锄收地利	qin fen geng chu shou di li	80	2026-10-03		poetry
勾引东风	gou yin dong feng	80	2026-10-03		poetry
勿恃势力而凌逼孤寡	wu shi shi li er ling bi gu gua	80	2026-10-03		poetry
勿营华屋	wu ying hua wu	80	2026-10-03		poetry
勿计厚奁	wu ji hou lian	80	2026-10-03		poetry
勿谋良田	wu mou liang tian	80	2026-10-03		poetry
勿贪意外之财	wu tan yi wai zhi cai	80	2026-10-03		poetry
勿饮过量之酒	wu yin guo liang zhi jiu	80	2026-10-03		poetry
匆匆归到神仙府	cong cong gui dao shen xian fu	80	2026-10-03		poetry
匆匆换时节	cong cong huan shi jie	80	2026-10-03		poetry
化鹤归来	hua he gui lai	80	2026-10-03		poetry
北山输绿涨横陂	bei shan shu lv zhang heng bei	80	2026-10-03		poetry
北有中天百尺台	bei you zhong tian bai chi tai	80	2026-10-03		poetry
北楼闲上	bei lou xian shang	80	2026-10-03		poetry
匹练秋光	pi lian qiu guang	80	2026-10-03		poetry
匿怨而用暗箭	ni yuan er yong an jian	80	2026-10-03		poetry
十分伶俐使七分	shi fen ling li shi qi fen	80	2026-10-03		poetry
十分好月	shi fen hao yue	80	2026-10-03		poetry
十年兴败多少人	shi nian xing bai duo shao ren	80	2026-10-03		poetry
十年寒窗无人问	shi nian han chuang wu ren wen	80	2026-10-03		poetry
十年易读举子	shi nian yi du ju zi	80	2026-10-03		poetry
十年补不清	shi nian bu bu qing	80	2026-10-03		poetry
十年踪迹走红尘	shi nian zong ji zou hong chen	80	2026-10-03		poetry
十年身到凤凰池	shi nian shen dao feng huang chi	80	2026-10-03		poetry
十扣柴扉九不开	shi kou chai fei jiu bu kai	80	2026-10-03		poetry
十日春工半年粮	shi ri chun gong ban nian liang	80	2026-10-03		poetry
十月滩头坐	shi yue tan tou zuo	80	2026-10-03		poetry
十鼓祗载数骆驼	shi gu zhi zai shu luo tuo	80	2026-10-03		poetry
千世修来共枕眠	qian shi xiu lai gong zhen mian	80	2026-10-03		poetry
千丝怨碧	qian si yuan bi	80	2026-10-03		poetry
千人传实	qian ren chuan shi	80	2026-10-03		poetry
千条弱柳垂青锁	qian tiao ruo liu chui qing suo	80	2026-10-03		poetry
千言不用	qian yan bu yong	80	2026-10-03		poetry
千贯买田	qian guan mai tian	80	2026-10-03		poetry
千里清秋	qian li qing qiu	80	2026-10-03		poetry
千金平安即是春	qian jin ping an ji shi chun	80	2026-10-03		poetry
升沈应已定	sheng shen ying yi ding	80	2026-10-03		poetry
午梦千山	wu meng qian shan	80	2026-10-03		poetry
午梦扶头	wu meng fu tou	80	2026-10-03		poetry
半壶响叮当	ban hu xiang ding dang	80	2026-10-03		poetry
半点不由人	ban dian bu you ren	80	2026-10-03		poetry
半黄梅子	ban huang mei zi	80	2026-10-03		poetry
华发春催两鬓生	hua fa chun cui liang bin sheng	80	2026-10-03		poetry
华骢会意	hua cong hui yi	80	2026-10-03		poetry
卖屋还钱	mai wu huan qian	80	2026-10-03		poetry
卖田还债	mai tian huan zhai	80	2026-10-03		poetry
南北山头多墓田	nan bei shan tou duo mu tian	80	2026-10-03		poetry
南去北来休便休	nan qu bei lai xiu bian xiu	80	2026-10-03		poetry
南山当户转分明	nan shan dang hu zhuan fen ming	80	2026-10-03		poetry
南枝才放两三花	nan zhi cai fang liang san hua	80	2026-10-03		poetry
南楼画角	nan lou hua jiao	80	2026-10-03		poetry
占断风情向小园	zhan duan feng qing xiang xiao yuan	80	2026-10-03		poetry
即囊橐无余	ji nang tuo wu yu	80	2026-10-03		poetry
却怨世界难	que yuan shi jie nan	80	2026-10-03		poetry
却把心期细问	que ba xin qi xi wen	80	2026-10-03		poetry
却教明月送将来	que jiao ming yue song jiang lai	80	2026-10-03		poetry
却被清风引出来	que bei qing feng yin chu lai	80	2026-10-03		poetry
却遣筹边	que qian chou bian	80	2026-10-03		poetry
卷帘归乳燕	juan lian gui ru yan	80	2026-10-03		poetry
厌厌睡起	yan yan shui qi	80	2026-10-03		poetry
厚盟遂妨上苑	hou meng sui fang shang yuan	80	2026-10-03		poetry
去去倦寻路程	qu qu juan xun lu cheng	80	2026-10-03		poetry
去年尘冷	qu nian chen leng	80	2026-10-03		poetry
去意徊徨	qu yi huai huang	80	2026-10-03		poetry
去时终须去	qu shi zhong xu qu	80	2026-10-03		poetry
参差前事流水	cen ci qian shi liu shui	80	2026-10-03		poetry
又争信漂泊	you zheng xin piao bo	80	2026-10-03		poetry
又得浮生半日闲	you dei fu sheng ban ri xian	80	2026-10-03		poetry
又忆洒酒插花人	you yi sa jiu cha hua ren	80	2026-10-03		poetry
又是疏烟淡月	you shi shu yan dan yue	80	2026-10-03		poetry
又闻空阶	you wen kong jie	80	2026-10-03		poetry
双凤云中扶辇下	shuang feng yun zhong fu nian xia	80	2026-10-03		poetry
双双呜玉珂	shuang shuang wu yu ke	80	2026-10-03		poetry
双双瓦雀行书案	shuang shuang wa que xing shu an	80	2026-10-03		poetry
双桨来时	shuang jiang lai shi	80	2026-10-03		poetry
双桨莼波	shuang jiang chun bo	80	2026-10-03		poetry
双燕如客	shuang yan ru ke	80	2026-10-03		poetry
反以我为仇	fan yi wo wei chou	80	2026-10-03		poetry
反失一肘羊	fan shi yi zhou yang	80	2026-10-03		poetry
反害自身	fan hai zi shen	80	2026-10-03		poetry
反说他人箍井深	fan shuo ta ren gu jing shen	80	2026-10-03		poetry
反顾何益	fan gu he yi	80	2026-10-03		poetry
受恩深处便为家	shou en shen chu bian wei jia	80	2026-10-03		poetry
受恩深处宜先退	shou en shen chu yi xian tui	80	2026-10-03		poetry
受恩莫忘	shou en mo wang	80	2026-10-03		poetry
叠鼓清笳	die gu qing jia	80	2026-10-03		poetry
口开神气散	kou kai shen qi san	80	2026-10-03		poetry
口说不如身逢	kou shuo bu ru shen feng	80	2026-10-03		poetry
古今多少事	gu jin duo shao shi	80	2026-10-03		poetry
古木丛青蔼	gu mu cong qing ai	80	2026-10-03		poetry
古木连空	gu mu lian kong	80	2026-10-03		poetry
古石埋香	gu shi mai xiang	80	2026-10-03		poetry
古道少人行	gu dao shao ren xing	80	2026-10-03		poetry
句句必精读	ju ju bi jing du	80	2026-10-03		poetry
只匆匆眺远	zhi cong cong tiao yuan	80	2026-10-03		poetry
只只船上有梢公	zhi zhi chuan shang you shao gong	80	2026-10-03		poetry
只因嘴伤人	zhi yin zui shang ren	80	2026-10-03		poetry
只因误识林和靖	zhi yin wu shi lin he jing	80	2026-10-03		poetry
只学斟酒意	zhi xue zhen jiu yi	80	2026-10-03		poetry
只怕不专心	zhi pa bu zhuan xin	80	2026-10-03		poetry
只怕倒问	zhi pa dao wen	80	2026-10-03		poetry
只怕死后无名	zhi pa si hou wu ming	80	2026-10-03		poetry
只怕秋来有冷时	zhi pa qiu lai you leng shi	80	2026-10-03		poetry
只恐不多时	zhi kong bu duo shi	80	2026-10-03		poetry
只恐风花一片飞	zhi kong feng hua yi pian fei	80	2026-10-03		poetry
只有和气去迎人	zhi you he qi qu ying ren	80	2026-10-03		poetry
只此呈示	zhi ci cheng shi	80	2026-10-03		poetry
只盼来早与来迟	zhi pan lai zao yu lai chi	80	2026-10-03		poetry
只知方中无好人	zhi zhi fang zhong wu hao ren	80	2026-10-03		poetry
只等送归船	zhi deng song gui chuan	80	2026-10-03		poetry
只高城人隔	zhi gao cheng ren ge	80	2026-10-03		poetry
叫月子规喉舌冷	jiao yue zi gui hou she leng	80	2026-10-03		poetry
可以无饥矣	ke yi wu ji yi	80	2026-10-03		poetry
可怜夜半虚前席	ke lian ye ban xu qian xi	80	2026-10-03		poetry
可怜此地无车马	ke lian ci di wu che ma	80	2026-10-03		poetry
叶底青圆	ye di qing yuan	80	2026-10-03		poetry
叶浮嫩绿酒初熟	ye fu nen lv jiu chu shou	80	2026-10-03		poetry
叹携盘去远	tan xie pan qu yuan	80	2026-10-03		poetry
吃尽美味还是盐	chi jin mei wei hai shi yan	80	2026-10-03		poetry
各自思量	ge zi si liang	80	2026-10-03		poetry
同时歌舞	tong shi ge wu	80	2026-10-03		poetry
同来玩月人何在	tong lai wan yue ren he zai	80	2026-10-03		poetry
名园露饮	ming yuan lou yin	80	2026-10-03		poetry
名蜀教坊第一部	ming shu jiao fang di yi bu	80	2026-10-03		poetry
后不如今非昔	hou bu ru jin fei xi	80	2026-10-03		poetry
向寻常野桥流水	xiang xun chang ye qiao liu shui	80	2026-10-03		poetry
向浅洲远渚	xiang qian zhou yuan zhu	80	2026-10-03		poetry
向销凝里	xiang xiao ning li	80	2026-10-03		poetry
向露冷风清	xiang lou leng feng qing	80	2026-10-03		poetry
君子乐得做君子	jun zi le de zuo jun zi	80	2026-10-03		poetry
君子千里同舟	jun zi qian li tong zhou	80	2026-10-03		poetry
君子千钱不计较	jun zi qian qian bu ji jiao	80	2026-10-03		poetry
君子口中无戏言	jun zi kou zhong wu xi yan	80	2026-10-03		poetry
君子安贫	jun zi an pin	80	2026-10-03		poetry
君子肥身	jun zi fei shen	80	2026-10-03		poetry
君家在何处	jun jia zai he chu	80	2026-10-03		poetry
君王又进紫霞杯	jun wang you jin zi xia bei	80	2026-10-03		poetry
君看六幅南朝事	jun kan liu fu nan chao shi	80	2026-10-03		poetry
吟笺赋笔	yin jian fu bi	80	2026-10-03		poetry
吟骨萦销	yin gu ying xiao	80	2026-10-03		poetry
含羞笑相语	han xiu xiao xiang yu	80	2026-10-03		poetry
听君一席话	ting jun yi xi hua	80	2026-10-03		poetry
听妇言乖骨肉	ting fu yan guai gu rou	80	2026-10-03		poetry
听话只听三分	ting hua zhi ting san fen	80	2026-10-03		poetry
吹动岑寂	chui dong cen ji	80	2026-10-03		poetry
吹尽繁红	chui jin fan hong	80	2026-10-03		poetry
吹葭六管动飞灰	chui jia liu guan dong fei hui	80	2026-10-03		poetry
吹鬓侵半苎	chui bin qin ban zhu	80	2026-10-03		poetry
告状讨钱	gao zhuang tao qian	80	2026-10-03		poetry
呢喃燕子语梁间	ni nan yan zi yu liang jian	80	2026-10-03		poetry
周纲陵迟四海沸	zhou gang ling chi si hai fei	80	2026-10-03		poetry
呼童熨贴旧寒衣	hu tong yu tie jiu han yi	80	2026-10-03		poetry
命中只有八合米	ming zhong zhi you ba he mi	80	2026-10-03		poetry
命中只有如许财	ming zhong zhi you ru xu cai	80	2026-10-03		poetry
命仆安排新暖阁	ming pu an pai xin nuan ge	80	2026-10-03		poetry
命早定可以心挽	ming zao ding ke yi xin wan	80	2026-10-03		poetry
和得邻里好	he de lin li hao	80	2026-10-03		poetry
和春付与西流水	he chun fu yu xi liu shui	80	2026-10-03		poetry
哈得秋风大家凉	ha de qiu feng da jia liang	80	2026-10-03		poetry
响遏行云横碧落	xiang e xing yun heng bi luo	80	2026-10-03		poetry
哪个人前不说人	na ge ren qian bu shuo ren	80	2026-10-03		poetry
哪个梳头无乱发	na ge shu tou wu luan fa	80	2026-10-03		poetry
哪个男儿是丈夫	na ge nan er shi zhang fu	80	2026-10-03		poetry
哪有相打得太平	na you xiang da de tai ping	80	2026-10-03		poetry
唤取盈盈翠袖	huan qu ying ying cui xiu	80	2026-10-03		poetry
唯是轻别	wei shi qing bie	80	2026-10-03		poetry
唯有旧家秋娘	wei you jiu jia qiu niang	80	2026-10-03		poetry
唯有池塘自碧	wei you chi tang zi bi	80	2026-10-03		poetry
唯有溪边流水	wei you xi bian liu shui	80	2026-10-03		poetry
唯有阑干	wei you lan gan	80	2026-10-03		poetry
唯觉尊前笑不成	wei jue zun qian xiao bu cheng	80	2026-10-03		poetry
唱彻五更天未晓	chang che wu geng tian wei xiao	80	2026-10-03		poetry
商贾买卖如施舍	shang gu mai mai ru shi she	80	2026-10-03		poetry
啼春细雨	ti chun xi yu	80	2026-10-03		poetry
啼蛄搅夜	ti gu jiao ye	80	2026-10-03		poetry
善为至宝深深用	shan wei zhi bao shen shen yong	80	2026-10-03		poetry
善事可做	shan shi ke zuo	80	2026-10-03		poetry
善休望报	shan xiu wang bao	80	2026-10-03		poetry
善处方为大丈夫	shan chu fang wei da zhang fu	80	2026-10-03		poetry
善必寿老	shan bi shou lao	80	2026-10-03		poetry
善恶到头终有报	shan e dao tou zhong you bao	80	2026-10-03		poetry
善恶随人作	shan e sui ren zuo	80	2026-10-03		poetry
善欲人见	shan yu ren jian	80	2026-10-03		poetry
嘈嘈虚枕纳溪声	cao cao xu zhen na xi sheng	80	2026-10-03		poetry
嘶骑渐遥	si qi jian yao	80	2026-10-03		poetry
器具质而洁	qi ju zhi er jie	80	2026-10-03		poetry
四十余年惠爱深	si shi yu nian hui ai shen	80	2026-10-03		poetry
四时佳兴与人同	si shi jia xing yu ren tong	80	2026-10-03		poetry
四月清和雨乍晴	si yue qing he yu zha qing	80	2026-10-03		poetry
回头不似在山时	hui tou bu si zai shan shi	80	2026-10-03		poetry
回头只看汝儿孙	hui tou zhi kan ru er sun	80	2026-10-03		poetry
回头迢递便数驿	hui tou tiao di bian shu yi	80	2026-10-03		poetry
回廊朱户	hui lang zhu hu	80	2026-10-03		poetry
回首旧游	hui shou jiu you	80	2026-10-03		poetry
回首青山入梦频	hui shou qing shan ru meng pin	80	2026-10-03		poetry
因事相争	yin shi xiang zheng	80	2026-10-03		poetry
因念旧客京华	yin nian jiu ke jing hua	80	2026-10-03		poetry
因过竹院逢僧话	yin guo zhu yuan feng seng hua	80	2026-10-03		poetry
因风想玉坷	yin feng xiang yu ke	80	2026-10-03		poetry
园收芋栗未全贫	yuan shou yu li wei quan pin	80	2026-10-03		poetry
园蔬愈珍馐	yuan shu yu zhen xiu	80	2026-10-03		poetry
困临流水坐苔矶	kun lin liu shui zuo tai ji	80	2026-10-03		poetry
困人天气日初长	kun ren tian qi ri chu zhang	80	2026-10-03		poetry
困人天色	kun ren tian se	80	2026-10-03		poetry
困眠初熟	kun mian chu shou	80	2026-10-03		poetry
围羞带减	wei xiu dai jian	80	2026-10-03		poetry
国乱思良将	guo luan si liang jiang	80	2026-10-03		poetry
国乱显忠臣	guo luan xian zhong chen	80	2026-10-03		poetry
国家无空地	guo jia wu kong di	80	2026-10-03		poetry
国清才子贵	guo qing cai zi gui	80	2026-10-03		poetry
国课早完	guo ke zao wan	80	2026-10-03		poetry
国香风味	guo xiang feng wei	80	2026-10-03		poetry
土花缭绕	tu hua liao rao	80	2026-10-03		poetry
在家不会迎宾客	zai jia bu hui ying bin ke	80	2026-10-03		poetry
在理良心天下通行	zai li liang xin tian xia tong xing	80	2026-10-03		poetry
地不生无名之辈	de bu sheng wu ming zhi bei	80	2026-10-03		poetry
地东风欺客梦	de dong feng qi ke meng	80	2026-10-03		poetry
地生一穴	de sheng yi xue	80	2026-10-03		poetry
坊陌人家	fang mo ren jia	80	2026-10-03		poetry
坎轲祗得移荆蛮	kan ke zhi de yi jing man	80	2026-10-03		poetry
坏事传千里	huai shi chuan qian li	80	2026-10-03		poetry
坐吃如山崩	zuo chi ru shan beng	80	2026-10-03		poetry
坐觉烟尘少	zuo jue yan chen shao	80	2026-10-03		poetry
城上没全师	cheng shang mei quan shi	80	2026-10-03		poetry
城乌夜起	cheng wu ye qi	80	2026-10-03		poetry
堂上二老是活佛	tang shang er lao shi huo fo	80	2026-10-03		poetry
堕履牵萦	duo lv qian ying	80	2026-10-03		poetry
塞沙带浅流	sai sha dai qian liu	80	2026-10-03		poetry
塞管轻吹新	sai guan qing chui xin	80	2026-10-03		poetry
士者国之宝	shi zhe guo zhi bao	80	2026-10-03		poetry
处世戒多言	chu shi jie duo yan	80	2026-10-03		poetry
处处绿杨堪系马	chu chu lv yang kan xi ma	80	2026-10-03		poetry
处处鸟衔飞	chu chu niao xian fei	80	2026-10-03		poetry
夕阳岛外	xi yang dao wai	80	2026-10-03		poetry
多少少年郎	duo shao shao nian lang	80	2026-10-03		poetry
多少工夫织得成	duo shao gong fu zhi de cheng	80	2026-10-03		poetry
多病所须惟药物	duo bing suo xu wei yao wu	80	2026-10-03		poetry
夜寒帘隙	ye han lian xi	80	2026-10-03		poetry
夜寒花碎	ye han hua sui	80	2026-10-03		poetry
夜归儿女笑灯前	ye gui er nv xiao deng qian	80	2026-10-03		poetry
夜深搔首叹飞蓬	ye shen sao shou tan fei peng	80	2026-10-03		poetry
夜色催更	ye se cui geng	80	2026-10-03		poetry
夜闻啼雁生乡思	ye wen ti yan sheng xiang si	80	2026-10-03		poetry
夜闻秋声	ye wen qiu sheng	80	2026-10-03		poetry
夜阑未休	ye lan wei xiu	80	2026-10-03		poetry
夜雨频滴	ye yu pin di	80	2026-10-03		poetry
大家做事寻常	da jia zuo shi xun chang	80	2026-10-03		poetry
大抵选她肌骨好	da di xuan ta ji gu hao	80	2026-10-03		poetry
大汉无兵阻	da han wu bing zu	80	2026-10-03		poetry
大海终须纳细流	da hai zhong xu na xi liu	80	2026-10-03		poetry
大难来时各自飞	da nan lai shi ge zi fei	80	2026-10-03		poetry
天上众星皆拱北	tian shang zhong xing jie gong bei	80	2026-10-03		poetry
天上晓行骑只鹤	tian shang xiao xing qi zhi he	80	2026-10-03		poetry
天上清光留此夕	tian shang qing guang liu ci xi	80	2026-10-03		poetry
天上碧桃和露种	tian shang bi tao he lou zhong	80	2026-10-03		poetry
天上飞琼	tian shang fei qiong	80	2026-10-03		poetry
天上麒麟原有种	tian shang qi lin yuan you zhong	80	2026-10-03		poetry
天下不设官	tian xia bu she guan	80	2026-10-03		poetry
天下无不是的父母	tian xia wu bu shi de fu mu	80	2026-10-03		poetry
天下礼仪无穷	tian xia li yi wu qiong	80	2026-10-03		poetry
天不生无路之人	tian bu sheng wu lu zhi ren	80	2026-10-03		poetry
天子至尊不过于理	tian zi zhi zun bu guo yu li	80	2026-10-03		poetry
天子足下有贫亲	tian zi zu xia you pin qin	80	2026-10-03		poetry
天寒日暮	tian han ri mu	80	2026-10-03		poetry
天意违可以人回	tian yi wei ke yi ren hui	80	2026-10-03		poetry
天旱误甲子	tian han wu jia zi	80	2026-10-03		poetry
天晴打过落雨铺	tian qing da guo luo yu pu	80	2026-10-03		poetry
天欲令其灭亡	tian yu ling qi mie wang	80	2026-10-03		poetry
天涯倦旅	tian ya juan lv	80	2026-10-03		poetry
天涯情味	tian ya qing wei	80	2026-10-03		poetry
天涯搔首	tian ya sao shou	80	2026-10-03		poetry
天涯芳草迷归路	tian ya fang cao mi gui lu	80	2026-10-03		poetry
天生一人	tian sheng yi ren	80	2026-10-03		poetry
天眼恢恢	tian yan hui hui	80	2026-10-03		poetry
天花落不尽	tian hua luo bu jin	80	2026-10-03		poetry
天街夜色凉如水	tian jie ye se liang ru shui	80	2026-10-03		poetry
天长梦短	tian chang meng duan	80	2026-10-03		poetry
天阔云闲	tian kuo yun xian	80	2026-10-03		poetry
天阔云高	tian kuo yun gao	80	2026-10-03		poetry
太久则偏	tai jiu ze pian	80	2026-10-03		poetry
太平天子朝元日	tai ping tian zi chao yuan ri	80	2026-10-03		poetry
太平待诏归来日	tai ping dai zhao gui lai ri	80	2026-10-03		poetry
太平箫鼓	tai ping xiao gu	80	2026-10-03		poetry
夫人死百将临门	fu ren si bai jiang lin men	80	2026-10-03		poetry
夫因兵乱守蓬茅	fu yin bing luan shou peng mao	80	2026-10-03		poetry
夫妻相和好	fu qi xiang he hao	80	2026-10-03		poetry
失却半年粮	shi que ban nian liang	80	2026-10-03		poetry
失却牛脚	shi que niu jiao	80	2026-10-03		poetry
头上花枝照酒卮	tou shang hua zhi zhao jiu zhi	80	2026-10-03		poetry
奈愁极顿惊	nai chou ji dun jing	80	2026-10-03		poetry
奉劝君子	feng quan jun zi	80	2026-10-03		poetry
奉劝告世人	feng quan gao shi ren	80	2026-10-03		poetry
女乐余姿映寒日	nv le yu zi ying han ri	80	2026-10-03		poetry
女儿不请上门客	nv er bu qing shang men ke	80	2026-10-03		poetry
女子失教定粗鲁	nv zi shi jiao ding cu lu	80	2026-10-03		poetry
女子无志烂草无瓤	nv zi wu zhi lan cao wu rang	80	2026-10-03		poetry
女子无才便是德	nv zi wu cai bian shi de	80	2026-10-03		poetry
奸不通父母	jian bu tong fu mu	80	2026-10-03		poetry
好个霜天	hao ge shuang tian	80	2026-10-03		poetry
好事不如无	hao shi bu ru wu	80	2026-10-03		poetry
好事他人未见讲	hao shi ta ren wei jian jiang	80	2026-10-03		poetry
好在半胧溪月	hao zai ban long xi yue	80	2026-10-03		poetry
好妇一家之珍	hao fu yi jia zhi zhen	80	2026-10-03		poetry
好汉莫被人识破	hao han mo bei ren shi po	80	2026-10-03		poetry
好臣一国之宝	hao chen yi guo zhi bao	80	2026-10-03		poetry
好言一句三冬暖	hao yan yi ju san dong nuan	80	2026-10-03		poetry
好话不在多说	hao hua bu zai duo shuo	80	2026-10-03		poetry
如今有谁摘	ru jin you shui zhai	80	2026-10-03		poetry
如何也都无	ru he ye dou wu	80	2026-10-03		poetry
如何消夜永	ru he xiao ye yong	80	2026-10-03		poetry
妄迹世所逐	wang ji shi suo zhu	80	2026-10-03		poetry
妇人有势	fu ren you shi	80	2026-10-03		poetry
妖蟆休向眼前生	yao ma xiu xiang yan qian sheng	80	2026-10-03		poetry
妙药难医怨逆病	miao yao nan yi yuan ni bing	80	2026-10-03		poetry
妻妾争风夫不死不止	qi qie zheng feng fu bu si bu zhi	80	2026-10-03		poetry
妻妾切忌艳装	qi qie qie ji yan zhuang	80	2026-10-03		poetry
妻子如衣服	qi zi ru yi fu	80	2026-10-03		poetry
妻贤何愁家不富	qi xian he chou jia bu fu	80	2026-10-03		poetry
姊妹同肝胆	zi mei tong gan dan	80	2026-10-03		poetry
始觉春空	shi jue chun kong	80	2026-10-03		poetry
娶媳求淑女	qu xi qiu shu nv	80	2026-10-03		poetry
婚姻论财	hun yin lun cai	80	2026-10-03		poetry
婢美妾娇	bi mei qie jiao	80	2026-10-03		poetry
媚眼唯看宿燕窠	mei yan wei kan su yan ke	80	2026-10-03		poetry
媳妇自有做婆时	xi fu zi you zuo po shi	80	2026-10-03		poetry
嫁女择佳婿	jia nv ze jia xu	80	2026-10-03		poetry
嫉妒人心	ji du ren xin	80	2026-10-03		poetry
嫉财莫嫉食	ji cai mo ji shi	80	2026-10-03		poetry
嫌喧又忆山	xian xuan you yi shan	80	2026-10-03		poetry
嫠蟾冷落羞度	li chan leng luo xiu du	80	2026-10-03		poetry
嫩梢相触	nen shao xiang chu	80	2026-10-03		poetry
嬉笑游冶	xi xiao you ye	80	2026-10-03		poetry
子孙何须受祖田	zi sun he xu shou zu tian	80	2026-10-03		poetry
子孙愚兮礼仪疏	zi sun yu xi li yi shu	80	2026-10-03		poetry
子孙虽愚	zi sun sui yu	80	2026-10-03		poetry
子孝父心宽	zi xiao fu xin kuan	80	2026-10-03		poetry
子规啼彻四更时	zi gui ti che si geng shi	80	2026-10-03		poetry
子规声断	zi gui sheng duan	80	2026-10-03		poetry
子规夜半犹啼血	zi gui ye ban you ti xue	80	2026-10-03		poetry
字体不类隶与科	zi ti bu lei li yu ke	80	2026-10-03		poetry
孝子出于前人贤	xiao zi chu yu qian ren xian	80	2026-10-03		poetry
孝莫假意	xiao mo jia yi	80	2026-10-03		poetry
孝顺还生孝顺子	xiao shun hai sheng xiao shun zi	80	2026-10-03		poetry
孤城暮角	gu cheng mu jiao	80	2026-10-03		poetry
孤帆远影碧山尽	gu fan yuan ying bi shan jin	80	2026-10-03		poetry
孤灯异乡人	gu deng yi xiang ren	80	2026-10-03		poetry
孤烛异乡春	gu zhu yi xiang chun	80	2026-10-03		poetry
孤篷万里征	gu peng wan li zheng	80	2026-10-03		poetry
孤舟夜发	gu zhou ye fa	80	2026-10-03		poetry
孤馆度日如年	gu guan du ri ru nian	80	2026-10-03		poetry
学在一人之下	xue zai yi ren zhi xia	80	2026-10-03		poetry
学堂大如官厅	xue tang da ru guan ting	80	2026-10-03		poetry
学成弓弩沙场灾	xue cheng gong nu sha chang zai	80	2026-10-03		poetry
学成歌舞为人妾	xue cheng ge wu wei ren qie	80	2026-10-03		poetry
学者如禾如稻	xue zhe ru he ru dao	80	2026-10-03		poetry
学者是好	xue zhe shi hao	80	2026-10-03		poetry
宁做太平犬	ning zuo tai ping quan	80	2026-10-03		poetry
宁卖现二	ning mai xian er	80	2026-10-03		poetry
宁可人负我	ning ke ren fu wo	80	2026-10-03		poetry
宁可信其有	ning ke xin qi you	80	2026-10-03		poetry
宁可无钱使	ning ke wu qian shi	80	2026-10-03		poetry
宁可直中取	ning ke zhi zhong qu	80	2026-10-03		poetry
宁可荤口念佛	ning ke hun kou nian fo	80	2026-10-03		poetry
宁施人恩莫施怨	ning shi ren en mo shi yuan	80	2026-10-03		poetry
宁说人长莫说短	ning shuo ren zhang mo shuo duan	80	2026-10-03		poetry
宅里燃火	zhai li ran huo	80	2026-10-03		poetry
安乐值钱多	an le zhi qian duo	80	2026-10-03		poetry
安分贫一时	an fen pin yi shi	80	2026-10-03		poetry
安得中山千日酒	an de zhong shan qian ri jiu	80	2026-10-03		poetry
安得元龙百尺楼	an de yuan long bai chi lou	80	2026-10-03		poetry
安知非人之谮诉	an zhi fei ren zhi zen su	80	2026-10-03		poetry
安稳锦屏今夜梦	an wen jin ping jin ye meng	80	2026-10-03		poetry
安花著蒂	an hua zhu di	80	2026-10-03		poetry
安贫须是禁奢心	an pin xu shi jin she xin	80	2026-10-03		poetry
安闲便易起邪心	an xian bian yi qi xie xin	80	2026-10-03		poetry
宋江难结万人缘	song jiang nan jie wan ren yuan	80	2026-10-03		poetry
官从何处来	guan cong he chu lai	80	2026-10-03		poetry
官吏清廉如修行	guan li qing lian ru xiu xing	80	2026-10-03		poetry
官有公法	guan you gong fa	80	2026-10-03		poetry
官有几品	guan you ji pin	80	2026-10-03		poetry
官清司吏瘦	guan qing si li shou	80	2026-10-03		poetry
官清难逃猾吏手	guan qing nan tao hua li shou	80	2026-10-03		poetry
宜有词仙	yi you ci xian	80	2026-10-03		poetry
宜法肃辞严	yi fa su ci yan	80	2026-10-03		poetry
宝剑值千金	bao jian zhi qian jin	80	2026-10-03		poetry
宝奁明月不欺人	bao lian ming yue bu qi ren	80	2026-10-03		poetry
宝帘挂秋冷	bao lian gua qiu leng	80	2026-10-03		poetry
宝带金章	bao dai jin zhang	80	2026-10-03		poetry
宝贵不须骄	bao gui bu xu jiao	80	2026-10-03		poetry
宝钗楼上	bao chai lou shang	80	2026-10-03		poetry
实淫盗之媒	shi yin dao zhi mei	80	2026-10-03		poetry
客墙南浦	ke qiang nan pu	80	2026-10-03		poetry
客来主不顾	ke lai zhu bu gu	80	2026-10-03		poetry
宣和旧日	xuan he jiu ri	80	2026-10-03		poetry
宫叶满阶红不埽	gong ye man jie hong bu sao	80	2026-10-03		poetry
宫烛分烟	gong zhu fen yan	80	2026-10-03		poetry
宴客切勿流连	yan ke qie wu liu lian	80	2026-10-03		poetry
家丑不可外传	jia chou bu ke wai zhuan	80	2026-10-03		poetry
家中不和邻里欺	jia zhong bu he lin li qi	80	2026-10-03		poetry
家中有剩饭	jia zhong you sheng fan	80	2026-10-03		poetry
家家有路通长安	jia jia you lu tong chang an	80	2026-10-03		poetry
家富小儿娇	jia fu xiao er jiao	80	2026-10-03		poetry
家无生活计	jia wu sheng huo ji	80	2026-10-03		poetry
家无读书子	jia wu du shu zi	80	2026-10-03		poetry
家有三亩田	jia you san mu tian	80	2026-10-03		poetry
家有良田万顷	jia you liang tian wan qing	80	2026-10-03		poetry
家计渐渐退	jia ji jian jian tui	80	2026-10-03		poetry
家贫出孝子	jia pin chu xiao zi	80	2026-10-03		poetry
家贫思良妻	jia pin si liang qi	80	2026-10-03		poetry
家道难成	jia dao nan cheng	80	2026-10-03		poetry
家门和顺	jia men he shun	80	2026-10-03		poetry
宸游不为三元夜	chen you bu wei san yuan ye	80	2026-10-03		poetry
容销金镜	rong xiao jin jing	80	2026-10-03		poetry
宽带因春	kuan dai yin chun	80	2026-10-03		poetry
宿花蝴蝶梦魂香	su hua hu die meng hun xiang	80	2026-10-03		poetry
寂寂柴门村落里	ji ji chai men cun luo li	80	2026-10-03		poetry
寂莫身后事	ji mo shen hou shi	80	2026-10-03		poetry
寄宿无人馆	ji su wu ren guan	80	2026-10-03		poetry
寄将秦镜	ji jiang qin jing	80	2026-10-03		poetry
寄语东城沽酒市	ji yu dong cheng gu jiu shi	80	2026-10-03		poetry
密霭生深树	mi ai sheng shen shu	80	2026-10-03		poetry
富从升合起	fu cong sheng he qi	80	2026-10-03		poetry
富莫与官争	fu mo yu guan zheng	80	2026-10-03		poetry
富莫癫狂	fu mo dian kuang	80	2026-10-03		poetry
富要富得清高	fu yao fu de qing gao	80	2026-10-03		poetry
富贵似花枝	fu gui si hua zhi	80	2026-10-03		poetry
富贵更甚于贫贱	fu gui geng shen yu pin jian	80	2026-10-03		poetry
富贵非关天地	fu gui fei guan tian di	80	2026-10-03		poetry
寒侵枕障	han qin zhen zhang	80	2026-10-03		poetry
寒塘独下迟	han tang du xia chi	80	2026-10-03		poetry
寒夜客来茶当酒	han ye ke lai cha dang jiu	80	2026-10-03		poetry
寒江天外	han jiang tian wai	80	2026-10-03		poetry
寒灯吹息	han deng chui xi	80	2026-10-03		poetry
寒炉重暖	han lu zhong nuan	80	2026-10-03		poetry
寒销不尽	han xiao bu jin	80	2026-10-03		poetry
对人容易	dui ren rong yi	80	2026-10-03		poetry
对宿烟收	dui su yan shou	80	2026-10-03		poetry
对酒竞留连	dui jiu jing liu lian	80	2026-10-03		poetry
寻常一样窗前月	xun chang yi yang chuang qian yue	80	2026-10-03		poetry
寻幽别坞	xun you bie wu	80	2026-10-03		poetry
寻得桃源好避秦	xun de tao yuan hao bi qin	80	2026-10-03		poetry
将军死一卒不至	jiang jun si yi cu bu zhi	80	2026-10-03		poetry
将登太行雪暗天	jiang deng tai hang xue an tian	80	2026-10-03		poetry
将相顶头堪走马	jiang xiang ding tou kan zou ma	80	2026-10-03		poetry
尊前花月	zun qian hua yue	80	2026-10-03		poetry
尊前茸帽风	zun qian rong mao feng	80	2026-10-03		poetry
尊前重见	zun qian chong jian	80	2026-10-03		poetry
小事成灾	xiao shi cheng zai	80	2026-10-03		poetry
小人一钱恼人心	xiao ren yi qian nao ren xin	80	2026-10-03		poetry
小人枉自做小人	xiao ren wang zi zuo xiao ren	80	2026-10-03		poetry
小人肥口	xiao ren fei kou	80	2026-10-03		poetry
小人隔墙易宿	xiao ren ge qiang yi su	80	2026-10-03		poetry
小利不争	xiao li bu zheng	80	2026-10-03		poetry
小家做事慌张	xiao jia zuo shi huang zhang	80	2026-10-03		poetry
小家凶恶训儿郎	xiao jia xiong e xun er lang	80	2026-10-03		poetry
小小生意赚大钱	xiao xiao sheng yi zhuan da qian	80	2026-10-03		poetry
小帖金泥	xiao tie jin ni	80	2026-10-03		poetry
小廊回合曲阑斜	xiao lang hui he qu lan xie	80	2026-10-03		poetry
小怜初上琵琶	xiao lian chu shang pi pa	80	2026-10-03		poetry
小时是兄弟	xiao shi shi xiong di	80	2026-10-03		poetry
小檐日日燕飞来	xiao yan ri ri yan fei lai	80	2026-10-03		poetry
小窗愁黛澹秋山	xiao chuang chou dai dan qiu shan	80	2026-10-03		poetry
小窗翦烛	xiao chuang jian zhu	80	2026-10-03		poetry
小雨廉纤风细细	xiao yu lian xian feng xi xi	80	2026-10-03		poetry
少实胜虚	shao shi sheng xu	80	2026-10-03		poetry
少年羁旅	shao nian ji lv	80	2026-10-03		poetry
少当少取	shao dang shao qu	80	2026-10-03		poetry
少时享过老来福	shao shi xiang guo lao lai fu	80	2026-10-03		poetry
少食以延年	shao shi yi yan nian	80	2026-10-03		poetry
尘笺蠹管	chen jian du guan	80	2026-10-03		poetry
尘轻虎落	chen qing hu luo	80	2026-10-03		poetry
尚有乘鸾女	shang you cheng luan nv	80	2026-10-03		poetry
尚染鲛绡	shang ran jiao xiao	80	2026-10-03		poetry
尚记当日	shang ji dang ri	80	2026-10-03		poetry
尝与鸳鸯为侣	chang yu yuan yang wei lv	80	2026-10-03		poetry
就怕不做	jiu pa bu zuo	80	2026-10-03		poetry
尽入西泠	jin ru xi ling	80	2026-10-03		poetry
尽吸西江	jin xi xi jiang	80	2026-10-03		poetry
尽日冥迷	jin ri ming mi	80	2026-10-03		poetry
尽日沈烟香一缕	jin ri shen yan xiang yi lv	80	2026-10-03		poetry
尽木临皋飞观	jin mu lin gao fei guan	80	2026-10-03		poetry
居家戒争讼	ju jia jie zheng song	80	2026-10-03		poetry
居身务期质朴	ju shen wu qi zhi pu	80	2026-10-03		poetry
屈志老成	qu zhi lao cheng	80	2026-10-03		poetry
屈指堪惊	qu zhi kan jing	80	2026-10-03		poetry
屋檐水也滴得多	wu yan shui ye di de duo	80	2026-10-03		poetry
屏间麝煤冷	ping jian she mei leng	80	2026-10-03		poetry
屐齿莓阶	ji chi mei jie	80	2026-10-03		poetry
山中也有千年树	shan zhong ye you qian nian shu	80	2026-10-03		poetry
山中习静合朝槿	shan zhong xi jing he chao jin	80	2026-10-03		poetry
山中无历日	shan zhong wu li ri	80	2026-10-03		poetry
山中有直树	shan zhong you zhi shu	80	2026-10-03		poetry
山山惟落晖	shan shan wei luo hui	80	2026-10-03		poetry
山无重数	shan wu chong shu	80	2026-10-03		poetry
山晚望晴空	shan wan wang qing kong	80	2026-10-03		poetry
山沈远照	shan shen yuan zhao	80	2026-10-03		poetry
山溪野径有梨花	shan xi ye jing you li hua	80	2026-10-03		poetry
山色远含空	shan se yuan han kong	80	2026-10-03		poetry
山高不算高	shan gao bu suan gao	80	2026-10-03		poetry
岁华行暮	sui hua xing mu	80	2026-10-03		poetry
岁寒伴侣	sui han ban lv	80	2026-10-03		poetry
岂可教人枉度春	qi ke jiao ren wang du chun	80	2026-10-03		poetry
岂是丈夫	qi shi zhang fu	80	2026-10-03		poetry
岂知离绪	qi zhi li xu	80	2026-10-03		poetry
岂知聚散难期	qi zhi ju san nan qi	80	2026-10-03		poetry
岂知黄雀在后	qi zhi huang que zai hou	80	2026-10-03		poetry
岂能人无得运时	qi neng ren wu de yun shi	80	2026-10-03		poetry
岂计身家	qi ji shen jia	80	2026-10-03		poetry
岸柳何穷	an liu he qiong	80	2026-10-03		poetry
峡云无迹任西东	xia yun wu ji ren xi dong	80	2026-10-03		poetry
巧不如拙	qiao bu ru zhuo	80	2026-10-03		poetry
巧沁兰心	qiao qin lan xin	80	2026-10-03		poetry
巧言妄语不可听	qiao yan wang yu bu ke ting	80	2026-10-03		poetry
已凉天气未寒时	yi liang tian qi wei han shi	80	2026-10-03		poetry
已成幽恨	yi cheng you hen	80	2026-10-03		poetry
已无老兵	yi wu lao bing	80	2026-10-03		poetry
已春相付	yi chun xiang fu	80	2026-10-03		poetry
已是花深无地	yi shi hua shen wu di	80	2026-10-03		poetry
已是长沙傅	yi shi chang sha fu	80	2026-10-03		poetry
布得春风有夏雨	bu de chun feng you xia yu	80	2026-10-03		poetry
布衣得暖真为福	bu yi de nuan zhen wei fu	80	2026-10-03		poetry
帐上万元难还	zhang shang wan yuan nan hai	80	2026-10-03		poetry
常怀千岁忧	chang huai qian sui you	80	2026-10-03		poetry
常疑即见桃花面	chang yi ji jian tao hua mian	80	2026-10-03		poetry
幔卷浪花浮	man juan lang hua fu	80	2026-10-03		poetry
干戈未定欲何之	gan ge wei ding yu he zhi	80	2026-10-03		poetry
平分秋色一轮满	ping fen qiu se yi lun man	80	2026-10-03		poetry
平明闾巷埽花开	ping ming lv xiang sao hua kai	80	2026-10-03		poetry
平生不做皱眉事	ping sheng bu zuo zhou mei shi	80	2026-10-03		poetry
平生只会说人短	ping sheng zhi hui shuo ren duan	80	2026-10-03		poetry
年光是也	nian guang shi ye	80	2026-10-03		poetry
年华将晚	nian hua jiang wan	80	2026-10-03		poetry
年华暗换	nian hua an huan	80	2026-10-03		poetry
年华空自感飘零	nian hua kong zi gan piao ling	80	2026-10-03		poetry
年年不带看花眼	nian nian bu dai kan hua yan	80	2026-10-03		poetry
年年乞与人间巧	nian nian qi yu ren jian qiao	80	2026-10-03		poetry
年年塞雁	nian nian sai yan	80	2026-10-03		poetry
年年拈出	nian nian nian chu	80	2026-10-03		poetry
年时燕子	nian shi yan zi	80	2026-10-03		poetry
并作南来一味凉	bing zuo nan lai yi wei liang	80	2026-10-03		poetry
幸生太平无事日	xing sheng tai ping wu shi ri	80	2026-10-03		poetry
幽兰旋老	you lan xuan lao	80	2026-10-03		poetry
幽欢佳会	you huan jia hui	80	2026-10-03		poetry
幽葩细萼	you pa xi e	80	2026-10-03		poetry
应嫌屐齿印苍苔	ying xian ji chi yin cang tai	80	2026-10-03		poetry
应恐是痴人	ying kong shi chi ren	80	2026-10-03		poetry
应翦菖浦自酌	ying jian chang pu zi zhuo	80	2026-10-03		poetry
底事来惊梦里闲	di shi lai jing meng li xian	80	2026-10-03		poetry
庭上黄昏	ting shang huang hun	80	2026-10-03		poetry
庭前生瑞草	ting qian sheng rui cao	80	2026-10-03		poetry
庭阴转午	ting yin zhuan wu	80	2026-10-03		poetry
庶乎近焉	shu hu jin yan	80	2026-10-03		poetry
庾信愁如许	yu xin chou ru xu	80	2026-10-03		poetry
庾信愁赋	yu xin chou fu	80	2026-10-03		poetry
庾郎先自吟愁赋	yu lang xian zi yin chou fu	80	2026-10-03		poetry
廉纤细雨	lian xian xi yu	80	2026-10-03		poetry
开到荼蘼花事了	kai dao tu mi hua shi le	80	2026-10-03		poetry
开口告人难	kai kou gao ren nan	80	2026-10-03		poetry
开扇出苍蝇	kai shan chu cang ying	80	2026-10-03		poetry
弊病大如天	bi bing da ru tian	80	2026-10-03		poetry
引胡茄怨	yin hu qie yuan	80	2026-10-03		poetry
弟兄不和结外人	di xiong bu he jie wai ren	80	2026-10-03		poetry
弟兄争财家不穷不止	di xiong zheng cai jia bu qiong bu zhi	80	2026-10-03		poetry
弟兄似手足	di xiong si shou zu	80	2026-10-03		poetry
弟兄同心土变金	di xiong tong xin tu bian jin	80	2026-10-03		poetry
弟兄同骨肉	di xiong tong gu rou	80	2026-10-03		poetry
弱柳丝千缕	ruo liu si qian lv	80	2026-10-03		poetry
弹琴费指甲	tan qin fei zhi jia	80	2026-10-03		poetry
强整帽檐侧	qiang zheng mao yan ce	80	2026-10-03		poetry
强盗口内出赦书	qiang dao kou nei chu she shu	80	2026-10-03		poetry
强饮还无味	qiang yin hai wu wei	80	2026-10-03		poetry
归兴浓于酒	gui xing nong yu jiu	80	2026-10-03		poetry
归到玉堂清不寐	gui dao yu tang qing bu mei	80	2026-10-03		poetry
归帆去棹残阳里	gui fan qu zhao can yang li	80	2026-10-03		poetry
归闲我欲频来此	gui xian wo yu pin lai ci	80	2026-10-03		poetry
归雁平沙	gui yan ping sha	80	2026-10-03		poetry
当事者迷	dang shi zhe mi	80	2026-10-03		poetry
当场不论	dang chang bu lun	80	2026-10-03		poetry
当官皆一般	dang guan jie yi ban	80	2026-10-03		poetry
当年梦缘能短	dang nian meng yuan neng duan	80	2026-10-03		poetry
当忍耐三思	dang ren nai san si	80	2026-10-03		poetry
当思来处不易	dang si lai chu bu yi	80	2026-10-03		poetry
当日音书	dang ri yin shu	80	2026-10-03		poetry
当时唤渡	dang shi huan du	80	2026-10-03		poetry
当时风气	dang shi feng qi	80	2026-10-03		poetry
当面留一线	dang mian liu yi xian	80	2026-10-03		poetry
当面论人惹恨最大	dang mian lun ren re hen zui da	80	2026-10-03		poetry
彤云又吐	tong yun you tu	80	2026-10-03		poetry
彩箫流怨	cai xiao liu yuan	80	2026-10-03		poetry
彩绳斜挂绿杨烟	cai sheng xie gua lv yang yan	80	2026-10-03		poetry
彩袖殷勤捧玉锺	cai xiu yin qin peng yu zhong	80	2026-10-03		poetry
影怯灯孤	ying qie deng gu	80	2026-10-03		poetry
往来翻恨重帘碍	wang lai fan hen zhong lian ai	80	2026-10-03		poetry
征尘不断	zheng chen bu duan	80	2026-10-03		poetry
待到明年差不多	dai dao ming nian cha bu duo	80	2026-10-03		poetry
待总烧却	dai zong shao que	80	2026-10-03		poetry
待我回头看	dai wo hui tou kan	80	2026-10-03		poetry
待有余而济人	dai you yu er ji ren	80	2026-10-03		poetry
待有闲而读书	dai you xian er du shu	80	2026-10-03		poetry
律回岁晚冰霜少	lv hui sui wan bing shuang shao	80	2026-10-03		poetry
得意不宜再往	de yi bu yi zai wang	80	2026-10-03		poetry
得罪一人一时间	de zui yi ren yi shi jian	80	2026-10-03		poetry
御厨丝络送八珍	yu chu si luo song ba zhen	80	2026-10-03		poetry
微收烦暑	wei shou fan shu	80	2026-10-03		poetry
微波寄语	wei bo ji yu	80	2026-10-03		poetry
微躯敢一言	wei qu gan yi yan	80	2026-10-03		poetry
心不得满	xin bu de man	80	2026-10-03		poetry
心作良田世世耕	xin zuo liang tian shi shi geng	80	2026-10-03		poetry
心宽甚如屋宽	xin kuan shen ru wu kuan	80	2026-10-03		poetry
心心常似过桥时	xin xin chang si guo qiao shi	80	2026-10-03		poetry
心懒意怯	xin lan yi qie	80	2026-10-03		poetry
必亲自检点	bi qin zi jian dian	80	2026-10-03		poetry
必先让其疯狂	bi xian rang qi feng kuang	80	2026-10-03		poetry
忆得盈盈拾翠侣	yi de ying ying shi cui lv	80	2026-10-03		poetry
志不同己	zhi bu tong ji	80	2026-10-03		poetry
忠厚自有忠厚报	zhong hou zi you zhong hou bao	80	2026-10-03		poetry
忤逆还生忤逆儿	wu ni hai sheng wu ni er	80	2026-10-03		poetry
忧来谁共语	you lai shei gong yu	80	2026-10-03		poetry
快心事过恐遭殃	kuai xin shi guo kong zao yang	80	2026-10-03		poetry
快意事过非快意	kuai yi shi guo fei kuai yi	80	2026-10-03		poetry
快里须斟酌	kuai li xu zhen zhuo	80	2026-10-03		poetry
念念有如临敌日	nian nian you ru lin di ri	80	2026-10-03		poetry
念楚乡旅宿	nian chu xiang lv su	80	2026-10-03		poetry
念武陵春晚	nian wu ling chun wan	80	2026-10-03		poetry
念汉浦离鸿去何许	nian han pu li hong qu he xu	80	2026-10-03		poetry
念羁情游荡	nian ji qing you dang	80	2026-10-03		poetry
忽断花风	hu duan hua feng	80	2026-10-03		poetry
忽闻春尽强登山	hu wen chun jin qiang deng shan	80	2026-10-03		poetry
怅别后华表	chang bie hou hua biao	80	2026-10-03		poetry
怅卧新春白夹衣	chang wo xin chun bai jia yi	80	2026-10-03		poetry
怅离群万里	chang li qun wan li	80	2026-10-03		poetry
怎得银笺	zen de yin jian	80	2026-10-03		poetry
怎敢拿篙竿	zen gan na gao gan	80	2026-10-03		poetry
怎能见波涛	zen neng jian bo tao	80	2026-10-03		poetry
怕应羞见	pa ying xiu jian	80	2026-10-03		poetry
怕有渔郎来问津	pa you yu lang lai wen jin	80	2026-10-03		poetry
怕梨云梦冷	pa li yun meng leng	80	2026-10-03		poetry
怕舣游船	pa yi you chuan	80	2026-10-03		poetry
怜蛾灯罩纱	lian e deng zhao sha	80	2026-10-03		poetry
思入风云变态中	si ru feng yun bian tai zhong	80	2026-10-03		poetry
思虑之害甚于酒色	si lv zhi hai shen yu jiu se	80	2026-10-03		poetry
思量挑担苦	si liang tiao dan ku	80	2026-10-03		poetry
急则可相依	ji ze ke xiang yi	80	2026-10-03		poetry
急难何曾见一人	ji nan he ceng jian yi ren	80	2026-10-03		poetry
怨抑难招	yuan yi nan zhao	80	2026-10-03		poetry
怨曲重招	yuan qu zhong zhao	80	2026-10-03		poetry
怨生莫怨死	yuan sheng mo yuan si	80	2026-10-03		poetry
怪人不知理	guai ren bu zhi li	80	2026-10-03		poetry
总还鸥鹭	zong hai ou lu	80	2026-10-03		poetry
总难留燕	zong nan liu yan	80	2026-10-03		poetry
恁时庭院	nen shi ting yuan	80	2026-10-03		poetry
恍然惊散	huang ran jing san	80	2026-10-03		poetry
恐比他还贪	kong bi ta hai tan	80	2026-10-03		poetry
恐防年老不多时	kong fang nian lao bu duo shi	80	2026-10-03		poetry
恩爱多生病	en ai duo sheng bing	80	2026-10-03		poetry
息却雷霆之怒	xi que lei ting zhi nu	80	2026-10-03		poetry
恰而今时节	qia er jin shi jie	80	2026-10-03		poetry
恶人须用恶人磨	e ren xu yong e ren mo	80	2026-10-03		poetry
恶妇令夫败	e fu ling fu bai	80	2026-10-03		poetry
恶恐人知	e kong ren zhi	80	2026-10-03		poetry
恶语易施	e yu yi shi	80	2026-10-03		poetry
恶龙难斗地头蛇	e long nan dou di tou she	80	2026-10-03		poetry
恼乱层波横一寸	nao luan ceng bo heng yi cun	80	2026-10-03		poetry
恼花颠酒拼君嗔	nao hua dian jiu pin jun chen	80	2026-10-03		poetry
悍妇必欺夫	han fu bi qi fu	80	2026-10-03		poetry
悔误必多	hui wu bi duo	80	2026-10-03		poetry
悠然心会	you ran xin hui	80	2026-10-03		poetry
情丝待翦	qing si dai jian	80	2026-10-03		poetry
情伤荀倩	qing shang xun qian	80	2026-10-03		poetry
情怀小样杜陵诗	qing huai xiao yang du ling shi	80	2026-10-03		poetry
情怀渐变成衰晚	qing huai jian bian cheng shuai wan	80	2026-10-03		poetry
情理不容	qing li bu rong	80	2026-10-03		poetry
情难依旧	qing nan yi jiu	80	2026-10-03		poetry
惜春长恨花开早	xi chun chang hen hua kai zao	80	2026-10-03		poetry
惜花春起早	xi hua chun qi zao	80	2026-10-03		poetry
惜花须检点	xi hua xu jian dian	80	2026-10-03		poetry
惜钱莫教子	xi qian mo jiao zi	80	2026-10-03		poetry
惟有游丝千丈	wei you you si qian zhang	80	2026-10-03		poetry
惟有葵花向日倾	wei you kui hua xiang ri qing	80	2026-10-03		poetry
惟解漫天作雪飞	wei jie man tian zuo xue fei	80	2026-10-03		poetry
惟闻钟磬音	wei wen zhong qing yin	80	2026-10-03		poetry
惧法朝朝乐	ju fa zhao zhao le	80	2026-10-03		poetry
惹得诗人说到今	re de shi ren shuo dao jin	80	2026-10-03		poetry
惺惺多不足	xing xing duo bu zu	80	2026-10-03		poetry
愁不归眠	chou bu gui mian	80	2026-10-03		poetry
愁入西风南浦	chou ru xi feng nan pu	80	2026-10-03		poetry
愁多愁极	chou duo chou ji	80	2026-10-03		poetry
愁闻剑戟扶危主	chou wen jian ji fu wei zhu	80	2026-10-03		poetry
愚人官断	yu ren guan duan	80	2026-10-03		poetry
愚者全无	yu zhe quan wu	80	2026-10-03		poetry
愿借辨口如悬河	yuan jie bian kou ru xuan he	80	2026-10-03		poetry
愿教青帝常为主	yuan jiao qing di chang wei zhu	80	2026-10-03		poetry
愿春暂留	yuan chun zan liu	80	2026-10-03		poetry
慈母多误子	ci mu duo wu zi	80	2026-10-03		poetry
慢行急行	man xing ji xing	80	2026-10-03		poetry
懒惰而成	lan duo er cheng	80	2026-10-03		poetry
戌葵凝笑墙东	xu kui ning xiao qiang dong	80	2026-10-03		poetry
戏马台前	xi ma tai qian	80	2026-10-03		poetry
成佛有余	cheng fo you yu	80	2026-10-03		poetry
我不如人我无其福	wo bu ru ren wo wu qi fu	80	2026-10-03		poetry
我去生财难	wo qu sheng cai nan	80	2026-10-03		poetry
我见白头喜	wo jian bai tou xi	80	2026-10-03		poetry
房栊向晚	fang long xiang wan	80	2026-10-03		poetry
扇底相逢	shan di xiang feng	80	2026-10-03		poetry
手倦抛书午梦长	shou juan pao shu wu meng zhang	80	2026-10-03		poetry
手拈红笺寄人书	shou nian hong jian ji ren shu	80	2026-10-03		poetry
手指要往内撇	shou zhi yao wang nei pie	80	2026-10-03		poetry
手艺齐全	shou yi qi quan	80	2026-10-03		poetry
手足断难续	shou zu duan nan xu	80	2026-10-03		poetry
才有梅花便不同	cai you mei hua bian bu tong	80	2026-10-03		poetry
打了梅香丑了姑娘	da le mei xiang chou le gu niang	80	2026-10-03		poetry
打人莫打脸	da ren mo da lian	80	2026-10-03		poetry
打叠数重	da die shu zhong	80	2026-10-03		poetry
扣舷独笑	kou xian du xiao	80	2026-10-03		poetry
扰乱四邻	rao luan si lin	80	2026-10-03		poetry
找钱犹如针挑土	zhao qian you ru zhen tiao tu	80	2026-10-03		poetry
投宿征骑	tou su zheng qi	80	2026-10-03		poetry
投老残年	tou lao can nian	80	2026-10-03		poetry
投诗赠汩罗	tou shi zeng gu luo	80	2026-10-03		poetry
折本往后算	she ben wang hou suan	80	2026-10-03		poetry
折本折得轻	she ben zhe de qing	80	2026-10-03		poetry
护短莫从师	hu duan mo cong shi	80	2026-10-03		poetry
报在妻女	bao zai qi nv	80	2026-10-03		poetry
拂石坐来春衫冷	bi shi zuo lai chun shan leng	80	2026-10-03		poetry
招入仙溪	zhao ru xian xi	80	2026-10-03		poetry
拟歌先敛	ni ge xian lian	80	2026-10-03		poetry
拟泛九江船	ni fan jiu jiang chuan	80	2026-10-03		poetry
拥衾谁语	yong qin shei yu	80	2026-10-03		poetry
择亲莫择邻	ze qin mo ze lin	80	2026-10-03		poetry
择子莫择父	ze zi mo ze fu	80	2026-10-03		poetry
拼则而已今拼了	pin ze er yi jin pin le	80	2026-10-03		poetry
拾得秤来姜卖完	shi de cheng lai jiang mai wan	80	2026-10-03		poetry
挑菜归来	tiao cai gui lai	80	2026-10-03		poetry
捡金不忘失金人	jian jin bu wang shi jin ren	80	2026-10-03		poetry
换了你我去	huan le ni wo qu	80	2026-10-03		poetry
换谱伊凉	huan pu yi liang	80	2026-10-03		poetry
探春尽是	tan chun jin shi	80	2026-10-03		poetry
掷柳迁乔太有情	zhi liu qian qiao tai you qing	80	2026-10-03		poetry
插棘编篱谨护持	cha ji bian li jin hu chi	80	2026-10-03		poetry
携取旧书归旧隐	xie qu jiu shu gui jiu yin	80	2026-10-03		poetry
携向花堂戏斗	xie xiang hua tang xi dou	80	2026-10-03		poetry
摇荡湘云	yao dang xiang yun	80	2026-10-03		poetry
摘尽枇杷一树金	zhai jin pi pa yi shu jin	80	2026-10-03		poetry
收债如讨	shou zhai ru tao	80	2026-10-03		poetry
放债如施	fang zhai ru shi	80	2026-10-03		poetry
放冰蜍飞到	fang bing chu fei dao	80	2026-10-03		poetry
放晓晴池院	fang xiao qing chi yuan	80	2026-10-03		poetry
放梢初见影离离	fang shao chu jian ying li li	80	2026-10-03		poetry
故人今不在	gu ren jin bu zai	80	2026-10-03		poetry
故人天际	gu ren tian ji	80	2026-10-03		poetry
故人心眼	gu ren xin yan	80	2026-10-03		poetry
故人楼上	gu ren lou shang	80	2026-10-03		poetry
故人难聚	gu ren nan ju	80	2026-10-03		poetry
故园书动经年绝	gu yuan shu dong jing nian jue	80	2026-10-03		poetry
故山夜永	gu shan ye yong	80	2026-10-03		poetry
故烧高烛照红妆	gu shao gao zhu zhao hong zhuang	80	2026-10-03		poetry
敕使传宣坐赐茶	chi shi chuan xuan zuo ci cha	80	2026-10-03		poetry
教人红销翠减	jiao ren hong xiao cui jian	80	2026-10-03		poetry
教子教孙须教义	jiao zi jiao sun xu jiao yi	80	2026-10-03		poetry
教子要有义方	jiao zi yao you yi fang	80	2026-10-03		poetry
敢将十指夸偏巧	gan jiang shi zhi kua pian qiao	80	2026-10-03		poetry
敢将衰朽惜残年	gan jiang shuai xiu xi can nian	80	2026-10-03		poetry
数口之家	shu kou zhi jia	80	2026-10-03		poetry
数声渔笛在沧浪	shu sheng yu di zai cang lang	80	2026-10-03		poetry
数点渔灯依古岸	shu dian yu deng yi gu an	80	2026-10-03		poetry
敲断玉钗红烛冷	qiao duan yu chai hong zhu leng	80	2026-10-03		poetry
文钱逼死英雄汉	wen qian bi si ying xiong han	80	2026-10-03		poetry
斗转城荒	dou zhuan cheng huang	80	2026-10-03		poetry
料黛眉重锁隋堤	liao dai mei zhong suo sui di	80	2026-10-03		poetry
斜月朦胧	xie yue meng long	80	2026-10-03		poetry
斜月远堕馀辉	xie yue yuan duo yu hui	80	2026-10-03		poetry
斜鸿阵里	xie hong zhen li	80	2026-10-03		poetry
断桥垂露滴梧桐	duan qiao chui lu di wu tong	80	2026-10-03		poetry
断烟禁夜	duan yan jin ye	80	2026-10-03		poetry
断烟离绪	duan yan li xu	80	2026-10-03		poetry
断续声随断续风	duan xu sheng sui duan xu feng	80	2026-10-03		poetry
断送玉容人上天	duan song yu rong ren shang tian	80	2026-10-03		poetry
断雁无凭	duan yan wu ping	80	2026-10-03		poetry
断魂分付	duan hun fen fu	80	2026-10-03		poetry
新愁易积	xin chou yi ji	80	2026-10-03		poetry
新来妆束	xin lai zhuang shu	80	2026-10-03		poetry
新绿生时	xin lv sheng shi	80	2026-10-03		poetry
方便第一	fang bian di yi	80	2026-10-03		poetry
方知不染心	fang zhi bu ran xin	80	2026-10-03		poetry
施恩施怨	shi en shi yuan	80	2026-10-03		poetry
施惠无念	shi hui wu nian	80	2026-10-03		poetry
施药不如传方	shi yao bu ru chuan fang	80	2026-10-03		poetry
旋占得馀芳	xuan zhan de yu fang	80	2026-10-03		poetry
旋砍生柴带叶烧	xuan kan sheng chai dai ye shao	80	2026-10-03		poetry
旌旗朝朔气	jing qi chao shuo qi	80	2026-10-03		poetry
无人为主	wu ren wei zhu	80	2026-10-03		poetry
无人会得凭阑意	wu ren hui de ping lan yi	80	2026-10-03		poetry
无儿无女富不长	wu er wu nv fu bu chang	80	2026-10-03		poetry
无口过是	wu kou guo shi	80	2026-10-03		poetry
无处不安然	wu chu bu an ran	80	2026-10-03		poetry
无处不销魂	wu chu bu xiao hun	80	2026-10-03		poetry
无处著清香	wu chu zhu qing xiang	80	2026-10-03		poetry
无处觅箫声	wu chu mi xiao sheng	80	2026-10-03		poetry
无复明朝谏疏来	wu fu ming chao jian shu lai	80	2026-10-03		poetry
无奈归心	wu nai gui xin	80	2026-10-03		poetry
无奈被些名利缚	wu nai bei xie ming li fu	80	2026-10-03		poetry
无心过难	wu xin guo nan	80	2026-10-03		poetry
无情燕子	wu qing yan zi	80	2026-10-03		poetry
无情画舸	wu qing hua ge	80	2026-10-03		poetry
无月不登楼	wu yue bu deng lou	80	2026-10-03		poetry
无求到处人情好	wu qiu dao chu ren qing hao	80	2026-10-03		poetry
无眼过难	wu yan guo nan	80	2026-10-03		poetry
无祸当福	wu huo dang fu	80	2026-10-03		poetry
无福者亡	wu fu zhe wang	80	2026-10-03		poetry
无穷官柳	wu qiong guan liu	80	2026-10-03		poetry
无聊倦旅	wu liao juan lv	80	2026-10-03		poetry
无花无酒过清明	wu hua wu jiu guo qing ming	80	2026-10-03		poetry
无衣懒出门	wu yi lan chu men	80	2026-10-03		poetry
无计重见	wu ji chong jian	80	2026-10-03		poetry
无身过易	wu shen guo yi	80	2026-10-03		poetry
无钱便觉贫	wu qian bian jue pin	80	2026-10-03		poetry
无钱堪买金	wu qian kan mai jin	80	2026-10-03		poetry
无钱就是汉子难	wu qian jiu shi han zi nan	80	2026-10-03		poetry
无钱方断酒	wu qian fang duan jiu	80	2026-10-03		poetry
无钱话不灵	wu qian hua bu ling	80	2026-10-03		poetry
无钱语不真	wu qian yu bu zhen	80	2026-10-03		poetry
无钱难作好儿郎	wu qian nan zuo hao er lang	80	2026-10-03		poetry
无限朱门生饿殍	wu xian zhu men sheng e piao	80	2026-10-03		poetry
既坠釜甑	ji zhui fu zeng	80	2026-10-03		poetry
既昏便息	ji hun bian xi	80	2026-10-03		poetry
既知莫望	ji zhi mo wang	80	2026-10-03		poetry
日下长秋	ri xia zhang qiu	80	2026-10-03		poetry
日出雾露余	ri chu wu lou yu	80	2026-10-03		poetry
日日劳力上床呼疾	ri ri lao li shang chuang hu ji	80	2026-10-03		poetry
日日江楼坐翠微	ri ri jiang lou zuo cui wei	80	2026-10-03		poetry
日日醉花边	ri ri zui hua bian	80	2026-10-03		poetry
日日香成阵	ri ri xiang cheng zhen	80	2026-10-03		poetry
日暮诗成天又雪	ri mu shi cheng tian you xue	80	2026-10-03		poetry
日落狐狸眠冢上	ri luo hu li mian zhong shang	80	2026-10-03		poetry
日边红杏倚云栽	ri bian hong xing yi yun zai	80	2026-10-03		poetry
日长似岁闲方觉	ri chang si sui xian fang jue	80	2026-10-03		poetry
日长睡起无情思	ri chang shui qi wu qing si	80	2026-10-03		poetry
日食一升	ri shi yi sheng	80	2026-10-03		poetry
旧情衰谢	jiu qing shuai xie	80	2026-10-03		poetry
旧时巢燕	jiu shi chao yan	80	2026-10-03		poetry
旧曲凄清	jiu qu qi qing	80	2026-10-03		poetry
旧曲桃根桃叶	jiu qu tao gen tao ye	80	2026-10-03		poetry
旧曾题处	jiu ceng ti chu	80	2026-10-03		poetry
旧游似梦	jiu you si meng	80	2026-10-03		poetry
旧香顿歇	jiu xiang dun xie	80	2026-10-03		poetry
早早归来	zao zao gui lai	80	2026-10-03		poetry
早是有家归未得	zao shi you jia gui wei de	80	2026-10-03		poetry
早起三光	zao qi san guang	80	2026-10-03		poetry
时叩窗隔	shi kou chuang ge	80	2026-10-03		poetry
时挑野菜和根煮	shi tiao ye cai he gen zhu	80	2026-10-03		poetry
时来易借银千两	shi lai yi jie yin qian liang	80	2026-10-03		poetry
时来遇好友	shi lai yu hao you	80	2026-10-03		poetry
时来铁似金	shi lai tie si jin	80	2026-10-03		poetry
时来风送滕王阁	shi lai feng song teng wang ge	80	2026-10-03		poetry
时赋秋雪	shi fu qiu xue	80	2026-10-03		poetry
时过北山头	shi guo bei shan tou	80	2026-10-03		poetry
明人自断	ming ren zi duan	80	2026-10-03		poetry
明日愁来明日忧	ming ri chou lai ming ri you	80	2026-10-03		poetry
明日落红应满径	ming ri luo hong ying man jing	80	2026-10-03		poetry
明月夜深归辇	ming yue ye shen gui nian	80	2026-10-03		poetry
明月悬高树	ming yue xuan gao shu	80	2026-10-03		poetry
明朝事与孤烟冷	ming chao shi yu gu yan leng	80	2026-10-03		poetry
明河共影	ming he gong ying	80	2026-10-03		poetry
昏昏醉到酉	hun hun zui dao you	80	2026-10-03		poetry
易伤心目	yi shang xin mu	80	2026-10-03		poetry
易反易覆小人心	yi fan yi fu xiao ren xin	80	2026-10-03		poetry
易涨易退山溪水	yi zhang yi tui shan xi shui	80	2026-10-03		poetry
昔时贤文	xi shi xian wen	80	2026-10-03		poetry
星辰冷落碧潭水	xing chen leng luo bi tan shui	80	2026-10-03		poetry
映带几点归鸦	ying dai ji dian gui ya	80	2026-10-03		poetry
春心如腻	chun xin ru ni	80	2026-10-03		poetry
春意渐回	chun yi jian hui	80	2026-10-03		poetry
春来佳气多	chun lai jia qi duo	80	2026-10-03		poetry
春根酒畔	chun gen jiu pan	80	2026-10-03		poetry
春风千树	chun feng qian shu	80	2026-10-03		poetry
春风自在梨花	chun feng zi zai li hua	80	2026-10-03		poetry
昨夜诗有回纹	zuo ye shi you hui wen	80	2026-10-03		poetry
昨日邻家乞新火	zuo ri lin jia qi xin huo	80	2026-10-03		poetry
是与不是随他说吧	shi yu bu shi sui ta shuo ba	80	2026-10-03		poetry
是亲不是亲	shi qin bu shi qin	80	2026-10-03		poetry
是儿不死	shi er bu si	80	2026-10-03		poetry
是处人家	shi chu ren jia	80	2026-10-03		poetry
是财不散	shi cai bu san	80	2026-10-03		poetry
是非只为多开口	shi fei zhi wei duo kai kou	80	2026-10-03		poetry
晓窗分与读书灯	xiao chuang fen yu du shu deng	80	2026-10-03		poetry
晓色吹成疏雨	xiao se chui cheng shu yu	80	2026-10-03		poetry
晓陇云飞	xiao long yun fei	80	2026-10-03		poetry
晓风残月入华清	xiao feng can yue ru hua qing	80	2026-10-03		poetry
晚晴风歇	wan qing feng xie	80	2026-10-03		poetry
晚来还卷	wan lai hai juan	80	2026-10-03		poetry
晚风为落	wan feng wei luo	80	2026-10-03		poetry
景阳宫井又何人	jing yang gong jing you he ren	80	2026-10-03		poetry
晴天不肯去	qing tian bu ken qu	80	2026-10-03		poetry
晴窗早觉爱朝曦	qing chuang zao jue ai chao xi	80	2026-10-03		poetry
暂停征棹	zan ting zheng zhao	80	2026-10-03		poetry
暂来不住	zan lai bu zhu	80	2026-10-03		poetry
暖丝情絮	nuan si qing xu	80	2026-10-03		poetry
暖风薰得游人醉	nuan feng xun de you ren zui	80	2026-10-03		poetry
暗想当初	an xiang dang chu	80	2026-10-03		poetry
暗柳啼鸦	an liu ti ya	80	2026-10-03		poetry
暗许闲人带偷掏	an xu xian ren dai tou tao	80	2026-10-03		poetry
暗销肌雪	an xiao ji xue	80	2026-10-03		poetry
暗雨梅黄	an yu mei huang	80	2026-10-03		poetry
暮云凝碧	mu yun ning bi	80	2026-10-03		poetry
暮山横翠	mu shan heng cui	80	2026-10-03		poetry
暮雨相呼	mu yu xiang hu	80	2026-10-03		poetry
暮霭沈沈楚天阔	mu ai chen chen chu tian kuo	80	2026-10-03		poetry
曲终人远	qu zhong ren yuan	80	2026-10-03		poetry
曲罢不知人在否	qu ba bu zhi ren zai fou	80	2026-10-03		poetry
更待银河澈底清	geng dai yin he che di qing	80	2026-10-03		poetry
更怀椒糈	geng huai jiao xu	80	2026-10-03		poetry
更无柳絮因风起	geng wu liu xu yin feng qi	80	2026-10-03		poetry
更无言语	geng wu yan yu	80	2026-10-03		poetry
更没些闲	geng mei xie xian	80	2026-10-03		poetry
更漂流何处	geng piao liu he chu	80	2026-10-03		poetry
更漏将残	geng lou jiang can	80	2026-10-03		poetry
曾写榴裙	ceng xie liu qun	80	2026-10-03		poetry
曾听得理丝簧	ceng ting de li si huang	80	2026-10-03		poetry
曾系兰桡	ceng xi lan rao	80	2026-10-03		poetry
最毒淫妇心	zui du yin fu xin	80	2026-10-03		poetry
月下相认	yue xia xiang ren	80	2026-10-03		poetry
月光如水水如天	yue guang ru shui shui ru tian	80	2026-10-03		poetry
月冷龙沙	yue leng long sha	80	2026-10-03		poetry
月坡堤上四徘徊	yue po di shang si pai huai	80	2026-10-03		poetry
月明好度江湖	yue ming hao du jiang hu	80	2026-10-03		poetry
月满西楼凭栏久	yue man xi lou ping lan jiu	80	2026-10-03		poetry
月移花影上栏杆	yue yi hua ying shang lan gan	80	2026-10-03		poetry
月边疏影	yue bian shu ying	80	2026-10-03		poetry
月过十五光明少	yue guo shi wu guang ming shao	80	2026-10-03		poetry
月钩初上紫薇花	yue gou chu shang zi wei hua	80	2026-10-03		poetry
有书不读子孙愚	you shu bu du zi sun yu	80	2026-10-03		poetry
有子之人贫不久	you zi zhi ren pin bu jiu	80	2026-10-03		poetry
有客归欤叹	you ke gui yu tan	80	2026-10-03		poetry
有情不收	you qing bu shou	80	2026-10-03		poetry
有意栽花花不发	you yi zai hua hua bu fa	80	2026-10-03		poetry
有才堪出众	you cai kan chu zhong	80	2026-10-03		poetry
有时不做	you shi bu zuo	80	2026-10-03		poetry
有时会去	you shi hui qu	80	2026-10-03		poetry
有梅无雪不精神	you mei wu xue bu jing shen	80	2026-10-03		poetry
有理不在高声	you li bu zai gao sheng	80	2026-10-03		poetry
有理无钱莫进来	you li wu qian mo jin lai	80	2026-10-03		poetry
有田不耕仓廪虚	you tian bu geng cang lin xu	80	2026-10-03		poetry
有白鸥淡月	you bai ou dan yue	80	2026-10-03		poetry
有福者昌	you fu zhe chang	80	2026-10-03		poetry
有花方酌酒	you hua fang zhuo jiu	80	2026-10-03		poetry
有酒有肉多兄弟	you jiu you rou duo xiong di	80	2026-10-03		poetry
有钱不置怨逆产	you qian bu zhi yuan ni chan	80	2026-10-03		poetry
有钱就是男子汉	you qian jiu shi nan zi han	80	2026-10-03		poetry
有钱能说话	you qian neng shuo hua	80	2026-10-03		poetry
有钱道真语	you qian dao zhen yu	80	2026-10-03		poetry
有钱难买子孙贤	you qian nan mai zi sun xian	80	2026-10-03		poetry
有钱难买针	you qian nan mai zhen	80	2026-10-03		poetry
有雪无诗俗了人	you xue wu shi su le ren	80	2026-10-03		poetry
朕与先生解战袍	zhen yu xian sheng jie zhan pao	80	2026-10-03		poetry
望人在天北	wang ren zai tian bei	80	2026-10-03		poetry
望人扶持都是假	wang ren fu chi dou shi jia	80	2026-10-03		poetry
望征路愁迷	wang zheng lu chou mi	80	2026-10-03		poetry
望极离愁	wang ji li chou	80	2026-10-03		poetry
望碧云空暮	wang bi yun kong mu	80	2026-10-03		poetry
朝元阁上西风急	chao yuan ge shang xi feng ji	80	2026-10-03		poetry
朝天车马	chao tian che ma	80	2026-10-03		poetry
未会牵牛意若何	wei hui qian niu yi ruo he	80	2026-10-03		poetry
未到晓钟犹是春	wei dao xiao zhong you shi chun	80	2026-10-03		poetry
未可全抛一片心	wei ke quan pao yi pian xin	80	2026-10-03		poetry
未富先富终不富	wei fu xian fu zhong bu fu	80	2026-10-03		poetry
未晚先投宿	wei wan xian tou su	80	2026-10-03		poetry
未来休指望	wei lai xiu zhi wang	80	2026-10-03		poetry
未歌先咽	wei ge xian yan	80	2026-10-03		poetry
未贫先贫终不贫	wei pin xian pin zhong bu pin	80	2026-10-03		poetry
本为圣朝除弊政	ben wei sheng chao chu bi zheng	80	2026-10-03		poetry
本分终不贫	ben fen zhong bu pin	80	2026-10-03		poetry
本少利微强如坐	ben shao li wei qiang ru zuo	80	2026-10-03		poetry
朱帘隔燕	zhu lian ge yan	80	2026-10-03		poetry
朱户黏鸡	zhu hu nian ji	80	2026-10-03		poetry
朱门映柳	zhu men ying liu	80	2026-10-03		poetry
朱门虽富不如贫	zhu men sui fu bu ru pin	80	2026-10-03		poetry
朱颜空自改	zhu yan kong zi gai	80	2026-10-03		poetry
机深祸亦深	ji shen huo yi shen	80	2026-10-03		poetry
朽药误良方	xiu yao wu liang fang	80	2026-10-03		poetry
杏开素面	xing kai su mian	80	2026-10-03		poetry
杏青梅小	xing qing mei xiao	80	2026-10-03		poetry
杏香愁幂	xing xiang chou mi	80	2026-10-03		poetry
村夫硬似铁	cun fu ying si tie	80	2026-10-03		poetry
杖藜携酒看芝山	zhang li xie jiu kan zhi shan	80	2026-10-03		poetry
杜郎老矣	du lang lao yi	80	2026-10-03		poetry
杜鹃休向耳边啼	du juan xiu xiang er bian ti	80	2026-10-03		poetry
杜鹃枝上月三更	du juan zhi shang yue san geng	80	2026-10-03		poetry
来时旧路	lai shi jiu lu	80	2026-10-03		poetry
杨柳清阴	yang liu qing yin	80	2026-10-03		poetry
杨花榆荚无才思	yang hua yu jia wu cai si	80	2026-10-03		poetry
杯杯先劝有钱人	bei bei xian quan you qian ren	80	2026-10-03		poetry
杯渡不惊鸥	bei du bu jing ou	80	2026-10-03		poetry
杳杳神京	yao yao shen jing	80	2026-10-03		poetry
杳杳音尘多绝	yao yao yin chen duo jue	80	2026-10-03		poetry
松清古殿扉	song qing gu dian fei	80	2026-10-03		poetry
极目霁霭霏微	ji mu ji ai fei wei	80	2026-10-03		poetry
枉望断天涯	wang wang duan tian ya	80	2026-10-03		poetry
枕簟仍教到处随	zhen dian reng jiao dao chu sui	80	2026-10-03		poetry
枕钗横鬓乱	zhen chai heng bin luan	80	2026-10-03		poetry
林下泉声静自来	lin xia quan sheng jing zi lai	80	2026-10-03		poetry
林莺啼到无声处	lin ying ti dao wu sheng chu	80	2026-10-03		poetry
枝间时见子初成	zhi jian shi jian zi chu cheng	80	2026-10-03		poetry
枣花虽小结实多	zao hua sui xiao jie shi duo	80	2026-10-03		poetry
枯形阅世	ku xing yue shi	80	2026-10-03		poetry
枯木逢春犹再发	ku mu feng chun you zai fa	80	2026-10-03		poetry
架上碗儿轮流转	jia shang wan er lun liu zhuan	80	2026-10-03		poetry
染柳烟浓	ran liu yan nong	80	2026-10-03		poetry
柔情别绪	rou qing bie xu	80	2026-10-03		poetry
柳下坊陌	liu xia fang mo	80	2026-10-03		poetry
柳下桃蹊	liu xia tao qi	80	2026-10-03		poetry
柳下系舟犹未稳	liu xia xi zhou you wei wen	80	2026-10-03		poetry
柳回白眼	liu hui bai yan	80	2026-10-03		poetry
柳困花慵	liu kun hua yong	80	2026-10-03		poetry
柳锁莺魂	liu suo ying hun	80	2026-10-03		poetry
栏干凭暖	lan gan ping nuan	80	2026-10-03		poetry
树将花果为园	shu jiang hua guo wei yuan	80	2026-10-03		poetry
树怕一墨线	shu pa yi mo xian	80	2026-10-03		poetry
树杪参旗	shu miao can qi	80	2026-10-03		poetry
树正何愁月影斜	shu zheng he chou yue ying xie	80	2026-10-03		poetry
树由枝分	shu you zhi fen	80	2026-10-03		poetry
栽树要栽松柏	zai shu yao zai song bai	80	2026-10-03		poetry
栽桑栽柘少栽花	zai sang zai zhe shao zai hua	80	2026-10-03		poetry
桂棹轻鸥	gui zhao qing ou	80	2026-10-03		poetry
桃红又是一年春	tao hong you shi yi nian chun	80	2026-10-03		poetry
桃红李白蔷薇紫	tao hong li bai qiang wei zi	80	2026-10-03		poetry
桃花净尽菜花开	tao hua jing jin cai hua kai	80	2026-10-03		poetry
桑柘废来犹纳税	sang zhe fei lai you na shui	80	2026-10-03		poetry
梁燕无主	liang yan wu zhu	80	2026-10-03		poetry
梅子流酸溅齿牙	mei zi liu suan jian chi ya	80	2026-10-03		poetry
梅花照眼	mei hua zhao yan	80	2026-10-03		poetry
梢公多了打烂船	shao gong duo le da lan chuan	80	2026-10-03		poetry
梢头嫩萼	shao tou nen e	80	2026-10-03		poetry
梢短人心慌	shao duan ren xin huang	80	2026-10-03		poetry
梢长人胆大	shao chang ren dan da	80	2026-10-03		poetry
梦又不成灯又尽	meng you bu cheng deng you jin	80	2026-10-03		poetry
梦沈书远	meng shen shu yuan	80	2026-10-03		poetry
梦轻难记	meng qing nan ji	80	2026-10-03		poetry
梦魂摇拽橹声中	meng hun yao zhuai lu sheng zhong	80	2026-10-03		poetry
梧桐摇落故园秋	wu tong yao luo gu yuan qiu	80	2026-10-03		poetry
楚俗饶词客	chu su rao ci ke	80	2026-10-03		poetry
楚江沈魄	chu jiang shen po	80	2026-10-03		poetry
楚江空晚	chu jiang kong wan	80	2026-10-03		poetry
楚苑东风外	chu yuan dong feng wai	80	2026-10-03		poetry
楚香罗袖	chu xiang luo xiu	80	2026-10-03		poetry
楼台倒影入池塘	lou tai dao ying ru chi tang	80	2026-10-03		poetry
楼角初销一缕霞	lou jiao chu xiao yi lv xia	80	2026-10-03		poetry
樽前旧风味	zun qian jiu feng wei	80	2026-10-03		poetry
橘子两边分	ju zi liang bian fen	80	2026-10-03		poetry
橙切香黄蟹正肥	cheng qie xiang huang xie zheng fei	80	2026-10-03		poetry
檐牙燕雀已生成	yan ya yan que yi sheng cheng	80	2026-10-03		poetry
欲与人齐	yu yu ren qi	80	2026-10-03		poetry
欲多伤神	yu duo shang shen	80	2026-10-03		poetry
欲投何处宿	yu tou he chu su	80	2026-10-03		poetry
欲昌和顺须为善	yu chang he shun xu wei shan	80	2026-10-03		poetry
欲求天下事	yu qiu tian xia shi	80	2026-10-03		poetry
欲求生富贵	yu qiu sheng fu gui	80	2026-10-03		poetry
欲皱还休	yu zhou hai xiu	80	2026-10-03		poetry
欲舒老眼无高处	yu shu lao yan wu gao chu	80	2026-10-03		poetry
欹枕初惊一叶风	qi zhen chu jing yi ye feng	80	2026-10-03		poetry
欺人心不明	qi ren xin bu ming	80	2026-10-03		poetry
欺公日日忧	qi gong ri ri you	80	2026-10-03		poetry
欺老莫欺小	qi lao mo qi xiao	80	2026-10-03		poetry
歌尘凝扇	ge chen ning shan	80	2026-10-03		poetry
歌管酬寒食	ge guan chou han shi	80	2026-10-03		poetry
歌纨金缕	ge wan jin lv	80	2026-10-03		poetry
正拂面垂杨堪缆结	zheng fu mian chui yang kan lan jie	80	2026-10-03		poetry
正春浓酒暖	zheng chun nong jiu nuan	80	2026-10-03		poetry
正轻寒轻暖漏永	zheng qing han qing nuan lou yong	80	2026-10-03		poetry
此书传后世	ci shu chuan hou shi	80	2026-10-03		poetry
此时情苦	ci shi qing ku	80	2026-10-03		poetry
步行夺得胡马射	bu xing duo de hu ma she	80	2026-10-03		poetry
歧王宅里寻常见	qi wang zhai li xun chang jian	80	2026-10-03		poetry
残月当门	can yue dang men	80	2026-10-03		poetry
残毡拥雪	can zhan yong xue	80	2026-10-03		poetry
残萤委玉露	can ying wei yu lu	80	2026-10-03		poetry
残雪压枝犹有橘	can xue ya zhi you you ju	80	2026-10-03		poetry
残雪庭阴	can xue ting yin	80	2026-10-03		poetry
残霸宫城	can ba gong cheng	80	2026-10-03		poetry
殷勤与说年华	yin qin yu shuo nian hua	80	2026-10-03		poetry
殷勤留与归时说	yin qin liu yu gui shi shuo	80	2026-10-03		poetry
殷勤送客出鄱湖	yin qin song ke chu po hu	80	2026-10-03		poetry
殿上衮衣明日月	dian shang gun yi ming ri yue	80	2026-10-03		poetry
毋临渴而掘井	wu lin ke er jue jing	80	2026-10-03		poetry
毋占便宜	wu zhan pian yi	80	2026-10-03		poetry
毋索重聘	wu suo zhong pin	80	2026-10-03		poetry
毋贪口腹而恣杀生禽	wu tan kou fu er zi sha sheng qin	80	2026-10-03		poetry
毕竟江流去	bi jing jiang liu qu	80	2026-10-03		poetry
民有私约	min you si yue	80	2026-10-03		poetry
气不护命	qi bu hu ming	80	2026-10-03		poetry
水不打不浑	shui bu da bu hun	80	2026-10-03		poetry
水平不流	shui ping bu liu	80	2026-10-03		poetry
水平天远	shui ping tian yuan	80	2026-10-03		poetry
水心云影闲相照	shui xin yun ying xian xiang zhao	80	2026-10-03		poetry
水晶之盘行素鳞	shui jing zhi pan xing su lin	80	2026-10-03		poetry
水流花谢两无情	shui liu hua xie liang wu qing	80	2026-10-03		poetry
水眄兰情	shui mian lan qing	80	2026-10-03		poetry
水远山长处处同	shui yuan shan chang chu chu tong	80	2026-10-03		poetry
水阔鱼沈何处问	shui kuo yu shen he chu wen	80	2026-10-03		poetry
汀洲烟箬	ting zhou yan ruo	80	2026-10-03		poetry
求人须求大丈夫	qiu ren xu qiu da zhang fu	80	2026-10-03		poetry
求财恨不多	qiu cai hen bu duo	80	2026-10-03		poetry
求赌必输	qiu du bi shu	80	2026-10-03		poetry
汉宫仙掌	han gong xian zhang	80	2026-10-03		poetry
汉宫传蜡炬	han gong chuan la ju	80	2026-10-03		poetry
汉家宫阙动高秋	han jia gong que dong gao qiu	80	2026-10-03		poetry
汉寝唐陵无麦饭	han qin tang ling wu mai fan	80	2026-10-03		poetry
汉廷荣巧宦	han ting rong qiao huan	80	2026-10-03		poetry
江乡夜夜	jiang xiang ye ye	80	2026-10-03		poetry
江城次第	jiang cheng ci di	80	2026-10-03		poetry
江晚正愁予	jiang wan zheng chou yu	80	2026-10-03		poetry
江深走白沙	jiang shen zou bai sha	80	2026-10-03		poetry
江湖浪迹一沙鸥	jiang hu lang ji yi sha ou	80	2026-10-03		poetry
江白迥闻风	jiang bai jiong wen feng	80	2026-10-03		poetry
江陵旧事	jiang ling jiu shi	80	2026-10-03		poetry
池塘水绿春微暖	chi tang shui lv chun wei nuan	80	2026-10-03		poetry
池塘遍满春色	chi tang bian man chun se	80	2026-10-03		poetry
汾水秋风陋汉才	fen shui qiu feng lou han cai	80	2026-10-03		poetry
沈恨细思	shen hen xi si	80	2026-10-03		poetry
沈水倦熏	shen shui juan xun	80	2026-10-03		poetry
沈沈千里	chen chen qian li	80	2026-10-03		poetry
沈沈暗寒食	chen chen an han shi	80	2026-10-03		poetry
沈沈江上望极	chen chen jiang shang wang ji	80	2026-10-03		poetry
沈烟熏翠袂	shen yan xun cui mei	80	2026-10-03		poetry
沈郎旧日	shen lang jiu ri	80	2026-10-03		poetry
沙际烟阔	sha ji yan kuo	80	2026-10-03		poetry
河狭水激	he xia shui ji	80	2026-10-03		poetry
油壁香车不再逢	you bi xiang che bu zai feng	80	2026-10-03		poetry
治国不用佞臣	zhi guo bu yong ning chen	80	2026-10-03		poetry
治国信谗必杀忠臣	zhi guo xin chan bi sha zhong chen	80	2026-10-03		poetry
治家不用佞妇	zhi jia bu yong ning fu	80	2026-10-03		poetry
治家信谗必疏其亲	zhi jia xin chan bi shu qi qin	80	2026-10-03		poetry
沽酒垆前	gu jiu lu qian	80	2026-10-03		poetry
法不为民	fa bu wei min	80	2026-10-03		poetry
波飘菰米沉云黑	bo piao gu mi chen yun hei	80	2026-10-03		poetry
泥酒只依然	ni jiu zhi yi ran	80	2026-10-03		poetry
泪墨惨澹尘土	lei mo can dan chen tu	80	2026-10-03		poetry
泪盘如露	lei pan ru lu	80	2026-10-03		poetry
泪花落枕红棉泠	lei hua lao zhen hong mian ling	80	2026-10-03		poetry
泪血染成红杜鹃	lei xue ran cheng hong du juan	80	2026-10-03		poetry
洗妆真态	xi zhuang zhen tai	80	2026-10-03		poetry
洛阳三月花如锦	luo yang san yue hua ru jin	80	2026-10-03		poetry
洞房深处	dong fang shen chu	80	2026-10-03		poetry
洞门高阁霭余辉	dong men gao ge ai yu hui	80	2026-10-03		poetry
津堠岑寂	jin hou cen ji	80	2026-10-03		poetry
流光过隙	liu guang guo xi	80	2026-10-03		poetry
流出西湖载歌舞	liu chu xi hu zai ge wu	80	2026-10-03		poetry
流水下滩非有意	liu shui xia tan fei you yi	80	2026-10-03		poetry
流红千浪	liu hong qian lang	80	2026-10-03		poetry
流霞倾尽	liu xia qing jin	80	2026-10-03		poetry
济人须济急时无	ji ren xu ji ji shi wu	80	2026-10-03		poetry
济济之士为酒所伤	ji ji zhi shi wei jiu suo shang	80	2026-10-03		poetry
浑是新愁	hun shi xin chou	80	2026-10-03		poetry
浓墨淋漓两相麻	nong mo lin li liang xiang ma	80	2026-10-03		poetry
浣沙游女	huan sha you nv	80	2026-10-03		poetry
浩荡何世	hao dang he shi	80	2026-10-03		poetry
浪子出于祖无德	lang zi chu yu zu wu de	80	2026-10-03		poetry
浪萍难驻	lang ping nan zhu	80	2026-10-03		poetry
浮沉千古事	fu chen qian gu shi	80	2026-10-03		poetry
浮生空自忙	fu sheng kong zi mang	80	2026-10-03		poetry
浮雁沈鱼	fu yan shen yu	80	2026-10-03		poetry
海底摸盐	hai di mo yan	80	2026-10-03		poetry
海明先见日	hai ming xian jian ri	80	2026-10-03		poetry
海棠正妖饶处	hai tang zheng yao rao chu	80	2026-10-03		poetry
海水不可斗量	hai shui bu ke dou liang	80	2026-10-03		poetry
涂抹新红上海棠	tu mo xin hong shang hai tang	80	2026-10-03		poetry
消得斜阳几度	xiao de xie yang ji du	80	2026-10-03		poetry
涓涓清露	juan juan qing lu	80	2026-10-03		poetry
涓涓溜碧	juan juan liu bi	80	2026-10-03		poetry
润玉笼绡	run yu long xiao	80	2026-10-03		poetry
润逼琴丝	run bi qin si	80	2026-10-03		poetry
淡云阁雨	dan yun ge yu	80	2026-10-03		poetry
淡月疏星绕建章	dan yue shu xing rao jian zhang	80	2026-10-03		poetry
淡淡著烟浓著月	dan dan zhu yan nong zhu yue	80	2026-10-03		poetry
淡饱当肉	dan bao dang rou	80	2026-10-03		poetry
深山毕竟藏猛虎	shen shan bi jing cang meng hu	80	2026-10-03		poetry
深拜楼西月	shen bai lou xi yue	80	2026-10-03		poetry
深深笼水浅笼沙	shen shen long shui qian long sha	80	2026-10-03		poetry
混财不富穷命人	hun cai bu fu qiong ming ren	80	2026-10-03		poetry
清和冷月到帘栊	qing he leng yue dao lian long	80	2026-10-03		poetry
清尘收露	qing chen shou lou	80	2026-10-03		poetry
清愁似织	qing chou si zhi	80	2026-10-03		poetry
清明祭扫各纷然	qing ming ji sao ge fen ran	80	2026-10-03		poetry
清明过却	qing ming guo que	80	2026-10-03		poetry
清淮奉使千余里	qing huai feng shi qian yu li	80	2026-10-03		poetry
清清之水为土所防	qing qing zhi shui wei tu suo fang	80	2026-10-03		poetry
清溪流过碧山头	qing xi liu guo bi shan tou	80	2026-10-03		poetry
清灯冷屋	qing deng leng wu	80	2026-10-03		poetry
清酒红人脸	qing jiu hong ren lian	80	2026-10-03		poetry
清铅素靥	qing qian su ye	80	2026-10-03		poetry
清风掠地秋先到	qing feng lve de qiu xian dao	80	2026-10-03		poetry
清香未减	qing xiang wei jian	80	2026-10-03		poetry
渐别浦萦回	jian bie pu ying hui	80	2026-10-03		poetry
渐把旧衫重翦	jian ba jiu shan zhong jian	80	2026-10-03		poetry
渐断鼓零钟	jian duan gu ling zhong	80	2026-10-03		poetry
渐霜风凄惨	jian shuang feng qi can	80	2026-10-03		poetry
渔灯分影春江宿	yu deng fen ying chun jiang su	80	2026-10-03		poetry
渡万壑千岩	du wan he qian yan	80	2026-10-03		poetry
渡头余落日	du tou yu luo ri	80	2026-10-03		poetry
渴时一滴如甘露	ke shi yi di ru gan lu	80	2026-10-03		poetry
游人未赏	you ren wei shang	80	2026-10-03		poetry
游思横路	you si heng lu	80	2026-10-03		poetry
湘娥乍见	xiang e zha jian	80	2026-10-03		poetry
湿云黏雁影	shi yun nian yan ying	80	2026-10-03		poetry
溶溶泄泄	rong rong xie xie	80	2026-10-03		poetry
滚的不稳	gun de bu wen	80	2026-10-03		poetry
满壁画沧州	man bi hua cang zhou	80	2026-10-03		poetry
满壶全不响	man hu quan bu xiang	80	2026-10-03		poetry
满树幽香	man shu you xiang	80	2026-10-03		poetry
满船明月浸虚空	man chuan ming yue jin xu kong	80	2026-10-03		poetry
满载芝麻都漏了	man zai zhi ma dou lou le	80	2026-10-03		poetry
满阶梧叶月明中	man jie wu ye yue ming zhong	80	2026-10-03		poetry
满院东风	man yuan dong feng	80	2026-10-03		poetry
漏声正永	lou sheng zheng yong	80	2026-10-03		poetry
漫腾腾地暖烘烘	man teng teng di nuan hong hong	80	2026-10-03		poetry
漾明光连邸第	yang ming guang lian di di	80	2026-10-03		poetry
潇洒江梅	xiao sa jiang mei	80	2026-10-03		poetry
潜通南浦	qian tong nan pu	80	2026-10-03		poetry
澧水映园林	li shui ying yuan lin	80	2026-10-03		poetry
澹埽蛾眉朝至尊	dan sao e mei chao zhi zun	80	2026-10-03		poetry
澹彩穿花	dan cai chuan hua	80	2026-10-03		poetry
火云犹未敛奇峰	huo yun you wei lian qi feng	80	2026-10-03		poetry
灯前拥髻	deng qian yong ji	80	2026-10-03		poetry
灯照离席	deng zhao li xi	80	2026-10-03		poetry
灵槎拟约同携手	ling cha ni yue tong xie shou	80	2026-10-03		poetry
点点抟作	dian dian tuan zuo	80	2026-10-03		poetry
点点杨花入砚池	dian dian yang hua ru yan chi	80	2026-10-03		poetry
点点滴滴旧窝池	dian dian di di jiu wo chi	80	2026-10-03		poetry
点石化为金	dian shi hua wei jin	80	2026-10-03		poetry
烟柳弄晴	yan liu nong qing	80	2026-10-03		poetry
烟气成云	yan qi cheng yun	80	2026-10-03		poetry
烟波处处愁	yan bo chu chu chou	80	2026-10-03		poetry
烟波隔南浦	yan bo ge nan pu	80	2026-10-03		poetry
烟络横林	yan luo heng lin	80	2026-10-03		poetry
焉知非我之不是	yan zhi fei wo zhi bu shi	80	2026-10-03		poetry
照野旌旗	zhao ye jing qi	80	2026-10-03		poetry
熟梅天气半晴阴	shu mei tian qi ban qing yin	80	2026-10-03		poetry
燕子不进愁门	yan zi bu jin chou men	80	2026-10-03		poetry
燕鸿过后春归去	yan hong guo hou chun gui qu	80	2026-10-03		poetry
爱妻之心是主	ai qi zhi xin shi zhu	80	2026-10-03		poetry
爱子之心是亲	ai zi zhi xin shi qin	80	2026-10-03		poetry
爱月不梳头	ai yue bu shu tou	80	2026-10-03		poetry
爱月夜眠迟	ai yue ye mian chi	80	2026-10-03		poetry
爱鼠常留饭	ai shu chang liu fan	80	2026-10-03		poetry
父子和而家不退	fu zi he er jia bu tui	80	2026-10-03		poetry
父子竭力山成玉	fu zi jie li shan cheng yu	80	2026-10-03		poetry
父母养其身	fu mu yang qi shen	80	2026-10-03		poetry
爽口食多偏作病	shuang kou shi duo pian zuo bing	80	2026-10-03		poetry
片时春梦	pian shi chun meng	80	2026-10-03		poetry
牛不知力大	niu bu zhi li da	80	2026-10-03		poetry
牛马不好变	niu ma bu hao bian	80	2026-10-03		poetry
物命在人	wu ming zai ren	80	2026-10-03		poetry
犀奁黛卷	xi lian dai juan	80	2026-10-03		poetry
犯法身无主	fan fa shen wu zhu	80	2026-10-03		poetry
犹如拾片宝	you ru shi pian bao	80	2026-10-03		poetry
犹宿芦花	you su lu hua	80	2026-10-03		poetry
犹带离恨	you dai li hen	80	2026-10-03		poetry
犹恋孤城栏角	you lian gu cheng lan jiao	80	2026-10-03		poetry
犹自追寻	you zi zhui xun	80	2026-10-03		poetry
狎昵恶少	xia ni e shao	80	2026-10-03		poetry
狗咬对头人	gou yao dui tou ren	80	2026-10-03		poetry
狡兔空从弦外落	jiao tu kong cong xian wai luo	80	2026-10-03		poetry
独倚危楼风细细	du yi wei lou feng xi xi	80	2026-10-03		poetry
独向小楼东畔	du xiang xiao lou dong pan	80	2026-10-03		poetry
独坐防心	du zuo fang xin	80	2026-10-03		poetry
独对丹墀日未斜	du dui dan chi ri wei xie	80	2026-10-03		poetry
独有凤皇池上客	du you feng huang chi shang ke	80	2026-10-03		poetry
独钓醒醒	du diao xing xing	80	2026-10-03		poetry
猩血屏风画折枝	xing xue ping feng hua zhe zhi	80	2026-10-03		poetry
玉下迟迟	yu xia chi chi	80	2026-10-03		poetry
玉人歌舞未曾归	yu ren ge wu wei ceng gui	80	2026-10-03		poetry
玉容寂莫泪阑干	yu rong ji mo lei lan gan	80	2026-10-03		poetry
玉容销酒	yu rong xiao jiu	80	2026-10-03		poetry
玉手亲折	yu shou qin zhe	80	2026-10-03		poetry
玉环分付	yu huan fen fu	80	2026-10-03		poetry
玉盘珍羞直万钱	yu pan zhen xiu zhi wan qian	80	2026-10-03		poetry
玉筝调柱	yu zheng diao zhu	80	2026-10-03		poetry
玉鉴琼田三万顷	yu jian qiong tian san wan qing	80	2026-10-03		poetry
玉钩帘下香阶畔	yu gou lian xia xiang jie pan	80	2026-10-03		poetry
玉钩阑下香阶畔	yu gou lan xia xiang jie pan	80	2026-10-03		poetry
玉露凋伤枫树林	yu lu diao shang feng shu lin	80	2026-10-03		poetry
玉露初零	yu lu chu ling	80	2026-10-03		poetry
玉韫石而山辉	yu wen shi er shan hui	80	2026-10-03		poetry
玉骨西风	yu gu xi feng	80	2026-10-03		poetry
玉龙哀曲	yu long ai qu	80	2026-10-03		poetry
珠沉渊而川媚	zhu chen yuan er chuan mei	80	2026-10-03		poetry
珠钿翠盖	zhu dian cui gai	80	2026-10-03		poetry
理不卫亲	li bu wei qin	80	2026-10-03		poetry
琉璃光射	liu li guang she	80	2026-10-03		poetry
琴心相许	qin xin xiang xu	80	2026-10-03		poetry
琴瑟与笙簧	qin se yu sheng huang	80	2026-10-03		poetry
琵琶谁拨	pi pa shei bo	80	2026-10-03		poetry
琼枝璧月春如昨	qiong zhi bi yue chun ru zuo	80	2026-10-03		poetry
瑶钗燕股	yao chai yan gu	80	2026-10-03		poetry
璧月初晴	bi yue chu qing	80	2026-10-03		poetry
瓜洲曾舣	gua zhou ceng yi	80	2026-10-03		poetry
瓦缶胜金玉	wa fou sheng jin yu	80	2026-10-03		poetry
瓶沈金井	ping shen jin jing	80	2026-10-03		poetry
瓶花虽好艳	ping hua sui hao yan	80	2026-10-03		poetry
甘草味甜人可食	gan cao wei tian ren ke shi	80	2026-10-03		poetry
甚时跃马归来	shen shi yue ma gui lai	80	2026-10-03		poetry
甚独抱清高	shen du bao qing gao	80	2026-10-03		poetry
生不认魂	sheng bu ren hun	80	2026-10-03		poetry
生女莫教歌与舞	sheng nv mo jiao ge yu wu	80	2026-10-03		poetry
生就木头造就船	sheng jiu mu tou zao jiu chuan	80	2026-10-03		poetry
生怕闲愁暗恨	sheng pa xian chou an hen	80	2026-10-03		poetry
生男莫教弓与弩	sheng nan mo jiao gong yu nu	80	2026-10-03		poetry
用力不多	yong li bu duo	80	2026-10-03		poetry
用在万人之上	yong zai wan ren zhi shang	80	2026-10-03		poetry
用心计较般般错	yong xin ji jiao ban ban cuo	80	2026-10-03		poetry
用时方知来时难	yong shi fang zhi lai shi nan	80	2026-10-03		poetry
用钱犹如水推沙	yong qian you ru shui tui sha	80	2026-10-03		poetry
田园荒尽尚征苗	tian yuan huang jin shang zheng miao	80	2026-10-03		poetry
田地深耕足养家	tian di shen geng zu yang jia	80	2026-10-03		poetry
田多养了众人	tian duo yang le zhong ren	80	2026-10-03		poetry
田田多少	tian tian duo shao	80	2026-10-03		poetry
男人有志	nan ren you zhi	80	2026-10-03		poetry
男儿到此是豪雄	nan er dao ci shi hao xiong	80	2026-10-03		poetry
男子失教必愚顽	nan zi shi jiao bi yu wan	80	2026-10-03		poetry
男子无志纯铁无钢	nan zi wu zhi chun tie wu gang	80	2026-10-03		poetry
男子有德便是才	nan zi you de bian shi cai	80	2026-10-03		poetry
画人心逐世人情	hua ren xin zhu shi ren qing	80	2026-10-03		poetry
画壁余鸿雁	hua bi yu hong yan	80	2026-10-03		poetry
画帘遮币	hua lian zhe bi	80	2026-10-03		poetry
画架双裁翠络偏	hua jia shuang cai cui luo pian	80	2026-10-03		poetry
画楼帘幕卷新晴	hua lou lian mu juan xin qing	80	2026-10-03		poetry
画楼深闭	hua lou shen bi	80	2026-10-03		poetry
画檐珠网	hua yan zhu wang	80	2026-10-03		poetry
画水无风空作浪	hua shui wu feng kong zuo lang	80	2026-10-03		poetry
画眉未稳	hua mei wei wen	80	2026-10-03		poetry
留与儿孙夜读书	liu yu er sun ye du shu	80	2026-10-03		poetry
留些阴德在后头	liu xie yin de zai hou tou	80	2026-10-03		poetry
留得五湖明月在	liu de wu hu ming yue zai	80	2026-10-03		poetry
留情缘眼	liu qing yuan yan	80	2026-10-03		poetry
留教视草	liu jiao shi cao	80	2026-10-03		poetry
疏帘高卷	shu lian gao juan	80	2026-10-03		poetry
疏懒人没吃	shu lan ren mei chi	80	2026-10-03		poetry
疏林小槛欢聚	shu lin xiao jian huan ju	80	2026-10-03		poetry
疏烟淡日	shu yan dan ri	80	2026-10-03		poetry
疏莹时度	shu ying shi du	80	2026-10-03		poetry
疑是蟾宫谪神仙	yi shi chan gong zhe shen xian	80	2026-10-03		poetry
病去遇良方	bing qu yu liang fang	80	2026-10-03		poetry
病翼惊秋	bing yi jing qiu	80	2026-10-03		poetry
痴汉不会饶人	chi han bu hui rao ren	80	2026-10-03		poetry
登归时候	deng gui shi hou	80	2026-10-03		poetry
白云出岫本无心	bai yun chu xiu ben wu xin	80	2026-10-03		poetry
白云本是无心物	bai yun ben shi wu xin wu	80	2026-10-03		poetry
白日传心净	bai ri chuan xin jing	80	2026-10-03		poetry
白水变酒卖	bai shui bian jiu mai	80	2026-10-03		poetry
白苹吹尽楚江秋	bai ping chui jin chu jiang qiu	80	2026-10-03		poetry
白酒酿成缘好客	bai jiu niang cheng yuan hao ke	80	2026-10-03		poetry
百世劝人以书	bai shi quan ren yi shu	80	2026-10-03		poetry
百人传实	bai ren chuan shi	80	2026-10-03		poetry
百啭黄鹂语	bai zhuan huang li yu	80	2026-10-03		poetry
百尺楼台水接天	bai chi lou tai shui jie tian	80	2026-10-03		poetry
百岁无多日	bai sui wu duo ri	80	2026-10-03		poetry
百年成之不足	bai nian cheng zhi bu zu	80	2026-10-03		poetry
百年难淘江湖	bai nian nan tao jiang hu	80	2026-10-03		poetry
百战百胜不如无争	bai zhan bai sheng bu ru wu zheng	80	2026-10-03		poetry
百行孝当先	bai hang xiao dang xian	80	2026-10-03		poetry
皇帝坐北京	huang di zuo bei jing	80	2026-10-03		poetry
皓魄当空宝镜升	hao po dang kong bao jing sheng	80	2026-10-03		poetry
皱波纹迎客棹	zhou bo wen ying ke zhao	80	2026-10-03		poetry
盈盈仙子	ying ying xian zi	80	2026-10-03		poetry
盈盈伫立	ying ying zhu li	80	2026-10-03		poetry
盈盈粉泪	ying ying fen lei	80	2026-10-03		poetry
盗贼出于赌博	dao zei chu yu du bo	80	2026-10-03		poetry
盗贼多出赌博	dao zei duo chu du bo	80	2026-10-03		poetry
盗贼怨失主	dao zei yuan shi zhu	80	2026-10-03		poetry
盘回出薜萝	pan hui chu bi luo	80	2026-10-03		poetry
直堑回塘滟滟时	zhi qian hui tang yan yan shi	80	2026-10-03		poetry
直待雨淋头	zhi dai yu lin tou	80	2026-10-03		poetry
直欲樵渔过此生	zhi yu qiao yu guo ci sheng	80	2026-10-03		poetry
相和砧杵	xiang he zhen chu	80	2026-10-03		poetry
相对如说兴亡	xiang dui ru shuo xing wang	80	2026-10-03		poetry
相对沧浪水	xiang dui cang lang shui	80	2026-10-03		poetry
相看不耐长	xiang kan bu nai zhang	80	2026-10-03		poetry
相见不如初	xiang jian bu ru chu	80	2026-10-03		poetry
相见易得好	xiang jian yi de hao	80	2026-10-03		poetry
相论逞英豪	xiang lun cheng ying hao	80	2026-10-03		poetry
相送柴门月色新	xiang song chai men yue se xin	80	2026-10-03		poetry
相逢不饮空归去	xiang feng bu yin kong gui qu	80	2026-10-03		poetry
相逢好似初相识	xiang feng hao si chu xiang shi	80	2026-10-03		poetry
省事俭用	sheng shi jian yong	80	2026-10-03		poetry
看栏曲萦红	kan lan qu ying hong	80	2026-10-03		poetry
看破不值半文钱	kan po bu zhi ban wen qian	80	2026-10-03		poetry
看花老眼	kan hua lao yan	80	2026-10-03		poetry
眼见四朝全盛时	yan jian si chao quan sheng shi	80	2026-10-03		poetry
睡觉东窗日已红	shui jiao dong chuang ri yi hong	80	2026-10-03		poetry
睡起啼莺语	shui qi ti ying yu	80	2026-10-03		poetry
睡起秋声无觅处	shui qi qiu sheng wu mi chu	80	2026-10-03		poetry
睡起莞然成独笑	shui qi guan ran cheng du xiao	80	2026-10-03		poetry
瞢腾初醒	meng teng chu xing	80	2026-10-03		poetry
知事少时烦恼少	zhi shi shao shi fan nao shao	80	2026-10-03		poetry
知人最苦	zhi ren zui ku	80	2026-10-03		poetry
知止自当出妄想	zhi zhi zi dang chu wang xiang	80	2026-10-03		poetry
知理不怪人	zhi li bu guai ren	80	2026-10-03		poetry
知音说与知音听	zhi yin shuo yu zhi yin ting	80	2026-10-03		poetry
短路人赚钱	duan lu ren zhuan qian	80	2026-10-03		poetry
短雨残云无意绪	duan yu can yun wu yi xu	80	2026-10-03		poetry
砌蛩能说	qi qiong neng shuo	80	2026-10-03		poetry
砍的没得车的圆	kan de mei de che de yuan	80	2026-10-03		poetry
砚中旗影动龙蛇	yan zhong qi ying dong long she	80	2026-10-03		poetry
砧杆动微寒	zhen gan dong wei han	80	2026-10-03		poetry
砧杵敲残深巷月	zhen chu qiao can shen xiang yue	80	2026-10-03		poetry
破鸾慵舞	po luan yong wu	80	2026-10-03		poetry
硬弩弦先断	ying nu xian xian duan	80	2026-10-03		poetry
碎月摇花	sui yue yao hua	80	2026-10-03		poetry
碧阑干外绣帘垂	bi lan gan wai xiu lian chui	80	2026-10-03		poetry
磨刀恨不利	mo dao hen bu li	80	2026-10-03		poetry
礼义生于富足	li yi sheng yu fu zu	80	2026-10-03		poetry
礼轻情义重	li qing qing yi zhong	80	2026-10-03		poetry
祖宗虽远	zu zong sui yuan	80	2026-10-03		poetry
祗凭芳草	zhi ping fang cao	80	2026-10-03		poetry
神仙才子	shen xian cai zi	80	2026-10-03		poetry
神灵庙祝肥	shen ling miao zhu fei	80	2026-10-03		poetry
神钦鬼服	shen qin gui fu	80	2026-10-03		poetry
祭祀不可不诚	ji si bu ke bu cheng	80	2026-10-03		poetry
祸与福同门	huo yu fu tong men	80	2026-10-03		poetry
祸从天上落	huo cong tian shang luo	80	2026-10-03		poetry
祸福不是鬼神	huo fu bu shi gui shen	80	2026-10-03		poetry
祸福自己招	huo fu zi ji zhao	80	2026-10-03		poetry
禁烟不到粤人国	jin yan bu dao yue ren guo	80	2026-10-03		poetry
禁门深锁寂无哗	jin men shen suo ji wu hua	80	2026-10-03		poetry
福人出在丑人边	fu ren chu zai chou ren bian	80	2026-10-03		poetry
福满须防有祸	fu man xu fang you huo	80	2026-10-03		poetry
离愁似个长	li chou si ge zhang	80	2026-10-03		poetry
离绪难整	li xu nan zheng	80	2026-10-03		poetry
禽兽之徒	qin shou zhi tu	80	2026-10-03		poetry
秋与云平	qiu yu yun ping	80	2026-10-03		poetry
秋千采绳芳柱	qiu qian cai sheng fang zhu	80	2026-10-03		poetry
秋千院落夜沈沈	qiu qian yuan luo ye chen chen	80	2026-10-03		poetry
秋来满山多秀色	qiu lai man shan duo xiu se	80	2026-10-03		poetry
秋阴时晴渐向暝	qiu yin shi qing jian xiang ming	80	2026-10-03		poetry
种桃道士归何处	zhong tao dao shi gui he chu	80	2026-10-03		poetry
种田吃田	zhong tian chi tian	80	2026-10-03		poetry
积德与儿孙	ji de yu er sun	80	2026-10-03		poetry
积钱不如积德	ji qian bu ru ji de	80	2026-10-03		poetry
积钱积谷不如积德	ji qian ji gu bu ru ji de	80	2026-10-03		poetry
稍觉轻寒	shao jue qing han	80	2026-10-03		poetry
稳的不滚	wen de bu gun	80	2026-10-03		poetry
穴中蝼蚁岂能逃	xue zhong lou yi qi neng tao	80	2026-10-03		poetry
穷人想眼前	qiong ren xiang yan qian	80	2026-10-03		poetry
穷莫失志	qiong mo shi zhi	80	2026-10-03		poetry
穷要穷得干净	qiong yao qiong de gan jing	80	2026-10-03		poetry
空城晓月	kong cheng xiao yue	80	2026-10-03		poetry
空戴南冠学楚囚	kong dai nan guan xue chu qiu	80	2026-10-03		poetry
空手做是福	kong shou zuo shi fu	80	2026-10-03		poetry
空樽夜泣	kong zun ye qi	80	2026-10-03		poetry
空水澄鲜一色秋	kong shui cheng xian yi se qiu	80	2026-10-03		poetry
空波两岸明	kong bo liang an ming	80	2026-10-03		poetry
空见蒲桃入汉家	kong jian pu tao ru han jia	80	2026-10-03		poetry
空馀旧迹郁苍苍	kong yu jiu ji yu cang cang	80	2026-10-03		poetry
穿尽绫罗还是棉	chuan jin ling luo hai shi mian	80	2026-10-03		poetry
窗外岂无人	chuang wai qi wu ren	80	2026-10-03		poetry
窥户端正	kui hu duan zheng	80	2026-10-03		poetry
立尽梧桐影	li jin wu tong ying	80	2026-10-03		poetry
立望关河萧索	li wang guan he xiao suo	80	2026-10-03		poetry
立残更箭	li can geng jian	80	2026-10-03		poetry
立见消亡	li jian xiao wang	80	2026-10-03		poetry
竞夸轻俊	jing kua qing jun	80	2026-10-03		poetry
端门方喜翠华临	duan men fang xi cui hua lin	80	2026-10-03		poetry
竹外秋声渐作威	zhu wai qiu sheng jian zuo wei	80	2026-10-03		poetry
竹摇清影罩幽窗	zhu yao qing ying zhao you chuang	80	2026-10-03		poetry
竹槛灯窗	zhu kan deng chuang	80	2026-10-03		poetry
竹炉汤沸火初红	zhu lu tang fei huo chu hong	80	2026-10-03		poetry
竹篱茅舍自甘心	zhu li mao she zi gan xin	80	2026-10-03		poetry
竹篱茅舍风光好	zhu li mao she feng guang hao	80	2026-10-03		poetry
竹覆经冬雪	zhu fu jing dong xue	80	2026-10-03		poetry
竿旗穿市	gan qi chuan shi	80	2026-10-03		poetry
笋因落箨方成竹	sun yin luo tuo fang cheng zhu	80	2026-10-03		poetry
笑扑流萤	xiao pu liu ying	80	2026-10-03		poetry
笑拈粉香归洞户	xiao nian fen xiang gui dong hu	80	2026-10-03		poetry
笙歌翠合	sheng ge cui he	80	2026-10-03		poetry
笛中哀曲	di zhong ai qu	80	2026-10-03		poetry
笛里关山	di li guan shan	80	2026-10-03		poetry
第一莫欺心	di yi mo qi xin	80	2026-10-03		poetry
笼愁澹月	long chou dan yue	80	2026-10-03		poetry
算春常不老	suan chun chang bu lao	80	2026-10-03		poetry
篆缕销金鼎	zhuan lv xiao jin ding	80	2026-10-03		poetry
篆缕销香鼎	zhuan lv xiao xiang ding	80	2026-10-03		poetry
素娥淡伫	su e dan zhu	80	2026-10-03		poetry
素弦尘扑	su xian chen pu	80	2026-10-03		poetry
素秋千倾	su qiu qian qing	80	2026-10-03		poetry
素骨凝冰	su gu ning bing	80	2026-10-03		poetry
紫微朱槿花残	zi wei zhu jin hua can	80	2026-10-03		poetry
紫绶纵荣争及睡	zi shou zong rong zheng ji shui	80	2026-10-03		poetry
紫艳半开篱菊静	zi yan ban kai li ju jing	80	2026-10-03		poetry
紫薇花对紫薇郎	zi wei hua dui zi wei lang	80	2026-10-03		poetry
红泥小火垆	hong ni xiao huo lu	80	2026-10-03		poetry
红泪清歌	hong lei qing ge	80	2026-10-03		poetry
红烛呼庐宵不寐	hong zhu hu lu xiao bu mei	80	2026-10-03		poetry
红烛秋光冷画屏	hong zhu qiu guang leng hua ping	80	2026-10-03		poetry
红瓷候火	hong ci hou huo	80	2026-10-03		poetry
红粉佳人休使老	hong fen jia ren xiu shi lao	80	2026-10-03		poetry
红粉易妆娇态女	hong fen yi zhuang jiao tai nv	80	2026-10-03		poetry
红糁铺地	hong san pu di	80	2026-10-03		poetry
红衣落尽渚莲愁	hong yi luo jin zhu lian chou	80	2026-10-03		poetry
红锦韬缠日月符	hong jin tao chan ri yue fu	80	2026-10-03		poetry
红颜今日虽欺我	hong yan jin ri sui qi wo	80	2026-10-03		poetry
红颜女子多薄命	hong yan nv zi duo bo ming	80	2026-10-03		poetry
约略轻笑浅	yue lve qing xiao qian	80	2026-10-03		poetry
纳之以礼	na zhi yi li	80	2026-10-03		poetry
纵横礼乐三千字	zong heng li yue san qian zi	80	2026-10-03		poetry
纵樽前痛饮	zong zun qian tong yin	80	2026-10-03		poetry
纷纷堕叶飘香砌	fen fen duo ye piao xiang qi	80	2026-10-03		poetry
纸屏石枕竹方床	zhi ping shi zhen zhu fang chuang	80	2026-10-03		poetry
纸灰飞作白蝴蝶	zhi hui fei zuo bai hu die	80	2026-10-03		poetry
细处不断粗处断	xi chu bu duan cu chu duan	80	2026-10-03		poetry
细寻前迹	xi xun qian ji	80	2026-10-03		poetry
细数落花因坐久	xi shu luo hua yin zuo jiu	80	2026-10-03		poetry
细雨归鸿	xi yu gui hong	80	2026-10-03		poetry
织女机丝虚夜月	zhi nv ji si xu ye yue	80	2026-10-03		poetry
终不似一朵	zhong bu si yi duo	80	2026-10-03		poetry
终无济人之日	zhong wu ji ren zhi ri	80	2026-10-03		poetry
终无读书之时	zhong wu du shu zhi shi	80	2026-10-03		poetry
终日昏昏醉梦间	zhong ri hun hun zui meng jian	80	2026-10-03		poetry
终是圣明天子事	zhong shi sheng ming tian zi shi	80	2026-10-03		poetry
终生为父	zhong sheng wei fu	80	2026-10-03		poetry
终羞人间	zhong xiu ren jian	80	2026-10-03		poetry
终身无烦恼	zhong shen wu fan nao	80	2026-10-03		poetry
终须还到老	zhong xu hai dao lao	80	2026-10-03		poetry
经书不可不读	jing shu bu ke bu du	80	2026-10-03		poetry
经年复历春	jing nian fu li chun	80	2026-10-03		poetry
结交一人难上难	jie jiao yi ren nan shang nan	80	2026-10-03		poetry
结交要结君子	jie jiao yao jie jun zi	80	2026-10-03		poetry
结交须胜己	jie jiao xu sheng ji	80	2026-10-03		poetry
结宇依空林	jie yu yi kong lin	80	2026-10-03		poetry
绛唇珠袖两寂莫	jiang chun zhu xiu liang ji mo	80	2026-10-03		poetry
绛帻鸡人报晓筹	jiang ze ji ren bao xiao chou	80	2026-10-03		poetry
络纬秋啼金井栏	luo wei qiu ti jin jing lan	80	2026-10-03		poetry
绣花虽好不闻香	xiu hua sui hao bu wen xiang	80	2026-10-03		poetry
绣阁凤帏深几许	xiu ge feng wei shen ji xu	80	2026-10-03		poetry
绣阁轻抛	xiu ge qing pao	80	2026-10-03		poetry
绮疏雕槛	qi shu diao kan	80	2026-10-03		poetry
绮罗香暖	qi luo xiang nuan	80	2026-10-03		poetry
绿杯红袖称重阳	lv bei hong xiu cheng zhong yang	80	2026-10-03		poetry
绿树阴浓夏日长	lv shu yin nong xia ri chang	80	2026-10-03		poetry
绿槐夹道集昏鸦	lv huai jia dao ji hun ya	80	2026-10-03		poetry
绿水无痕夜气冲	lv shui wu hen ye qi chong	80	2026-10-03		poetry
绿阴冉冉遍天涯	lv yin ran ran bian tian ya	80	2026-10-03		poetry
缃帙流离	xiang zhi liu li	80	2026-10-03		poetry
缓寻芳草得归迟	huan xun fang cao de gui chi	80	2026-10-03		poetry
缓步当车	huan bu dang che	80	2026-10-03		poetry
缥缈行舟如叶	piao miao xing zhou ru ye	80	2026-10-03		poetry
缺月孤楼	que yue gu lou	80	2026-10-03		poetry
罗帏暗淡灯花结	luo wei an dan deng hua jie	80	2026-10-03		poetry
罗帐灯昏	luo zhang deng hun	80	2026-10-03		poetry
罗带光销纹衾叠	luo dai guang xiao wen qin die	80	2026-10-03		poetry
罗带轻分	luo dai qing fen	80	2026-10-03		poetry
罗绶分香	luo shou fen xiang	80	2026-10-03		poetry
罗衣初萦	luo yi chu ying	80	2026-10-03		poetry
罗袜尘生步	luo wa chen sheng bu	80	2026-10-03		poetry
罢却虎豹之威	ba que hu bao zhi wei	80	2026-10-03		poetry
羞与蛾儿争要	xiu yu e er zheng yao	80	2026-10-03		poetry
羞红颦浅恨	xiu hong pin qian hen	80	2026-10-03		poetry
群居防口	qun ju fang kou	80	2026-10-03		poetry
羽葆霓旌	yu bao ni jing	80	2026-10-03		poetry
翠叶吹凉	cui ye chui liang	80	2026-10-03		poetry
翠叶藏莺	cui ye cang ying	80	2026-10-03		poetry
翠娥执手送临歧	cui e zhi shou song lin qi	80	2026-10-03		poetry
翠微高处	cui wei gao chu	80	2026-10-03		poetry
翠掩重门燕子闲	cui yan chong men yan zi xian	80	2026-10-03		poetry
翠瓦朱檐	cui wa zhu yan	80	2026-10-03		poetry
翠绡封泪	cui xiao feng lei	80	2026-10-03		poetry
翠辇不曾过	cui nian bu ceng guo	80	2026-10-03		poetry
翦断心上愁痕	jian duan xin shang chou hen	80	2026-10-03		poetry
翦梅烟驿	jian mei yan yi	80	2026-10-03		poetry
翦灯深夜语	jian deng shen ye yu	80	2026-10-03		poetry
翩翩欲下	pian pian yu xia	80	2026-10-03		poetry
翻笑无书	fan xiao wu shu	80	2026-10-03		poetry
老人几度送春归	lao ren ji du song chun gui	80	2026-10-03		poetry
老去限空闻	lao qu xian kong wen	80	2026-10-03		poetry
老木寒云满故城	lao mu han yun man gu cheng	80	2026-10-03		poetry
老来风味	lao lai feng wei	80	2026-10-03		poetry
耗子不钻空仓	hao zi bu zuan kong cang	80	2026-10-03		poetry
耽误一年春	dan wu yi nian chun	80	2026-10-03		poetry
耽误莫迟春	dan wu mo chi chun	80	2026-10-03		poetry
聊对旧节传杯	liao dui jiu jie chuan bei	80	2026-10-03		poetry
肉补不如养补	rou bu bu ru yang bu	80	2026-10-03		poetry
肝肺皆冰雪	gan fei jie bing xue	80	2026-10-03		poetry
育林养虎	yu lin yang hu	80	2026-10-03		poetry
胆大不如胆小	dan da bu ru dan xiao	80	2026-10-03		poetry
背飞双燕帖云寒	bei fei shuang yan tie yun han	80	2026-10-03		poetry
胡骑凭凌杂风雨	hu qi ping ling za feng yu	80	2026-10-03		poetry
能几番游	neng ji fan you	80	2026-10-03		poetry
能言不是真君子	neng yan bu shi zhen jun zi	80	2026-10-03		poetry
脆丸荐酒	cui wan jian jiu	80	2026-10-03		poetry
脸薄拂燕支	lian bao bi yan zhi	80	2026-10-03		poetry
腰支渐小	yao zhi jian xiao	80	2026-10-03		poetry
腰横秋水雁翎刀	yao heng qiu shui yan ling dao	80	2026-10-03		poetry
自从心定后	zi cong xin ding hou	80	2026-10-03		poetry
自去自来梁上燕	zi qu zi lai liang shang yan	80	2026-10-03		poetry
自古败名因败事	zi gu bai ming yin bai shi	80	2026-10-03		poetry
自奉必须俭约	zi feng bi xu jian yue	80	2026-10-03		poetry
自家心里急	zi jia xin li ji	80	2026-10-03		poetry
自己无运至	zi ji wu yun zhi	80	2026-10-03		poetry
自己立其志	zi ji li qi zhi	80	2026-10-03		poetry
自己跌倒自己爬	zi ji die dao zi ji pa	80	2026-10-03		poetry
自得至乐	zi de zhi le	80	2026-10-03		poetry
自恨枝无叶	zi hen zhi wu ye	80	2026-10-03		poetry
自惊腰衩	zi jing yao cha	80	2026-10-03		poetry
自是不归归便得	zi shi bu gui gui bian dei	80	2026-10-03		poetry
自是无良宾	zi shi wu liang bin	80	2026-10-03		poetry
自歌谁答	zi ge shei da	80	2026-10-03		poetry
自身不谨	zi shen bu jin	80	2026-10-03		poetry
自过了收灯后	zi guo le shou deng hou	80	2026-10-03		poetry
自遣一襟幽怨	zi qian yi jin you yuan	80	2026-10-03		poetry
自重者然后人重	zi zhong zhe ran hou ren zhong	80	2026-10-03		poetry
至今商女	zhi jin shang nv	80	2026-10-03		poetry
舌出是非生	she chu shi fei sheng	80	2026-10-03		poetry
舌咬只为揉	she yao zhi wei rou	80	2026-10-03		poetry
舍财不如少取	she cai bu ru shao qu	80	2026-10-03		poetry
舞歇歌沈	wu xie ge shen	80	2026-10-03		poetry
良宵岑寂	liang xiao cen ji	80	2026-10-03		poetry
良宾方不顾	liang bin fang bu gu	80	2026-10-03		poetry
色不护病	se bu hu bing	80	2026-10-03		poetry
色娇者亲	se jiao zhe qin	80	2026-10-03		poetry
色衰者疏	se shuai zhe shu	80	2026-10-03		poetry
艳一枝细看取	yan yi zhi xi kan qu	80	2026-10-03		poetry
艳妆丛里	yan zhuang cong li	80	2026-10-03		poetry
艳真多态	yan zhen duo tai	80	2026-10-03		poetry
艺多不养家	yi duo bu yang jia	80	2026-10-03		poetry
艾枝应压愁鬟乱	ai zhi ying ya chou huan luan	80	2026-10-03		poetry
节粮乃众妙之门	jie liang nai zhong miao zhi men	80	2026-10-03		poetry
节食以去病	jie shi yi qu bing	80	2026-10-03		poetry
芙蓉帐掩	fu rong zhang yan	80	2026-10-03		poetry
芙蓉生在秋江上	fu rong sheng zai qiu jiang shang	80	2026-10-03		poetry
芭蕉分绿上窗纱	ba jiao fen lv shang chuang sha	80	2026-10-03		poetry
芭蕉叶大支子肥	ba jiao ye da zhi zi fei	80	2026-10-03		poetry
花也应悲	hua ye ying bei	80	2026-10-03		poetry
花压髻云偏	hua ya ji yun pian	80	2026-10-03		poetry
花底深朱户	hua di shen zhu hu	80	2026-10-03		poetry
花底离情三月雨	hua di li qing san yue yu	80	2026-10-03		poetry
花开红树乱莺啼	hua kai hong shu luan ying ti	80	2026-10-03		poetry
花影偷移	hua ying tou yi	80	2026-10-03		poetry
花径敛馀红	hua jing lian yu hong	80	2026-10-03		poetry
花木成蹊手自栽	hua mu cheng qi shou zi zai	80	2026-10-03		poetry
花梢钿合	hua shao dian he	80	2026-10-03		poetry
花皮润沾红杏雨	hua pi run zhan hong xing yu	80	2026-10-03		poetry
花翻蝶梦	hua fan die meng	80	2026-10-03		poetry
花销英气	hua xiao ying qi	80	2026-10-03		poetry
花间隔雾遥相见	hua jian ge wu yao xiang jian	80	2026-10-03		poetry
花院梨溶	hua yuan li rong	80	2026-10-03		poetry
花须能说	hua xu neng shuo	80	2026-10-03		poetry
花飞人远	hua fei ren yuan	80	2026-10-03		poetry
花飞莫遣随流水	hua fei mo qian sui liu shui	80	2026-10-03		poetry
芳原绿野恣行时	fang yuan lv ye zi xing shi	80	2026-10-03		poetry
芳思交加	fang si jiao jia	80	2026-10-03		poetry
芳根兼倚	fang gen jian yi	80	2026-10-03		poetry
芳草斜阳	fang cao xie yang	80	2026-10-03		poetry
芳草碧色	fang cao bi se	80	2026-10-03		poetry
芳草萋萋鹦鹉州	fang cao qi qi ying wu zhou	80	2026-10-03		poetry
芳莲坠粉	fang lian zhui fen	80	2026-10-03		poetry
苍茫泽国东	cang mang ze guo dong	80	2026-10-03		poetry
苑边高冢卧麒麟	yuan bian gao zhong wo qi lin	80	2026-10-03		poetry
苒苒斜阳	ran ran xie yang	80	2026-10-03		poetry
若争小利	ruo zheng xiao li	80	2026-10-03		poetry
若涉远必自迩	ruo she yuan bi zi er	80	2026-10-03		poetry
若登高必自卑	ruo deng gao bi zi bei	80	2026-10-03		poetry
若要十分都使尽	ruo yao shi fen dou shi jin	80	2026-10-03		poetry
若要断酒法	ruo yao duan jiu fa	80	2026-10-03		poetry
英雄行险道	ying xiong xing xian dao	80	2026-10-03		poetry
苹花渐老	ping hua jian lao	80	2026-10-03		poetry
茂陵秋雨病相如	mao ling qiu yu bing xiang ru	80	2026-10-03		poetry
茅檐常扫净无苔	mao yan chang sao jing wu tai	80	2026-10-03		poetry
茅舍疏篱	mao she shu li	80	2026-10-03		poetry
茅茨之屋或有侯王	mao ci zhi wu huo you hou wang	80	2026-10-03		poetry
茫茫四海人无数	mang mang si hai ren wu shu	80	2026-10-03		poetry
草木知春不久归	cao mu zhi chun bu jiu gui	80	2026-10-03		poetry
草熏风暖摇征辔	cao xun feng nuan yao zheng pei	80	2026-10-03		poetry
草能处处生	cao neng chu chu sheng	80	2026-10-03		poetry
草色天涯	cao se tian ya	80	2026-10-03		poetry
草色山光残照里	cao se shan guang can zhao li	80	2026-10-03		poetry
草草留君翦韭	cao cao liu jun jian jiu	80	2026-10-03		poetry
草软莎平跋马	cao ruan sha ping ba ma	80	2026-10-03		poetry
草长一春	cao zhang yi chun	80	2026-10-03		poetry
荒城鲁殿余	huang cheng lu dian yu	80	2026-10-03		poetry
药补不如肉补	yao bu bu ru rou bu	80	2026-10-03		poetry
莫为儿孙做马牛	mo wei er sun zuo ma niu	80	2026-10-03		poetry
莫从体面下功夫	mo cong ti mian xia gong fu	80	2026-10-03		poetry
莫似春风	mo si chun feng	80	2026-10-03		poetry
莫信直中直	mo xin zhi zhong zhi	80	2026-10-03		poetry
莫做无后事	mo zuo wu hou shi	80	2026-10-03		poetry
莫做短命事	mo zuo duan ming shi	80	2026-10-03		poetry
莫做离乱人	mo zuo li luan ren	80	2026-10-03		poetry
莫卖赊三	mo mai she san	80	2026-10-03		poetry
莫向虎山行	mo xiang hu shan xing	80	2026-10-03		poetry
莫学下棋心	mo xue xia qi xin	80	2026-10-03		poetry
莫将容易得	mo jiang rong yi de	80	2026-10-03		poetry
莫待是非来入耳	mo dai shi fei lai ru er	80	2026-10-03		poetry
莫怨天来莫怨人	mo yuan tian lai mo yuan ren	80	2026-10-03		poetry
莫怨太阳偏	mo yuan tai yang pian	80	2026-10-03		poetry
莫怨自己穷	mo yuan zi ji qiong	80	2026-10-03		poetry
莫恋浅滩头	mo lian qian tan tou	80	2026-10-03		poetry
莫惊鸥鹭	mo jing ou lu	80	2026-10-03		poetry
莫愁艇子曾系	mo chou ting zi ceng xi	80	2026-10-03		poetry
莫把心头似火烧	mo ba xin tou si huo shao	80	2026-10-03		poetry
莫把无时当有时	mo ba wu shi dang you shi	80	2026-10-03		poetry
莫把真心空计较	mo ba zhen xin kong ji jiao	80	2026-10-03		poetry
莫笑他人老	mo xiao ta ren lao	80	2026-10-03		poetry
莫管城头奏暮笳	mo guan cheng tou zou mu jia	80	2026-10-03		poetry
莫羡他人富	mo xian ta ren fu	80	2026-10-03		poetry
莫辞盏酒十分劝	mo ci zhan jiu shi fen quan	80	2026-10-03		poetry
莫道坐中安乐少	mo dao zuo zhong an le shao	80	2026-10-03		poetry
莫遣纷纷点翠苔	mo qian fen fen dian cui tai	80	2026-10-03		poetry
莫饮卯时酒	mo yin mao shi jiu	80	2026-10-03		poetry
莫骂酉时妻	mo ma you shi qi	80	2026-10-03		poetry
莺吟燕舞	ying yin yan wu	80	2026-10-03		poetry
莺晴台苑	ying qing tai yuan	80	2026-10-03		poetry
莺花犹怕春光老	ying hua you pa chun guang lao	80	2026-10-03		poetry
莺莺娇软	ying ying jiao ruan	80	2026-10-03		poetry
萋萋千里	qi qi qian li	80	2026-10-03		poetry
萋萋遍南陌	qi qi bian nan mo	80	2026-10-03		poetry
萤焰高低照暮空	ying yan gao di zhao mu kong	80	2026-10-03		poetry
萧萧斑马鸣	xiao xiao ban ma ming	80	2026-10-03		poetry
落尽庭花春去也	luo jin ting hua chun qu ye	80	2026-10-03		poetry
落日五湖游	luo ri wu hu you	80	2026-10-03		poetry
落花犹在	luo hua you zai	80	2026-10-03		poetry
落落疏廉邀月影	luo luo shu lian yao yue ying	80	2026-10-03		poetry
著人滋味	zhu ren zi wei	80	2026-10-03		poetry
著麦苗风柳映堤	zhu mai miao feng liu ying di	80	2026-10-03		poetry
蒙蒙作公卿	meng meng zuo gong qing	80	2026-10-03		poetry
蒿草之下或有兰香	hao cao zhi xia huo you lan xiang	80	2026-10-03		poetry
蓉菊满园皆可羡	rong ju man yuan jie ke xian	80	2026-10-03		poetry
蓝霞辽海沈过雁	lan xia liao hai shen guo yan	80	2026-10-03		poetry
蓦地烧天蓦地空	mo di shao tian mo di kong	80	2026-10-03		poetry
蓬壶蕖浸	peng hu qu jin	80	2026-10-03		poetry
蓬壶阆苑	peng hu lang yuan	80	2026-10-03		poetry
蔬桐吹绿	shu tong chui lv	80	2026-10-03		poetry
蕙花香也	hui hua xiang ye	80	2026-10-03		poetry
薄雨初寒	bao yu chu han	80	2026-10-03		poetry
藕叶连心	ou ye lian xin	80	2026-10-03		poetry
虎落平原被犬欺	hu luo ping yuan bei quan qi	80	2026-10-03		poetry
虎身犹可近	hu shen you ke jin	80	2026-10-03		poetry
虑乖芳信	lv guai fang xin	80	2026-10-03		poetry
虫网吹沾帘竹	chong wang chui zhan lian zhu	80	2026-10-03		poetry
虹雨苔滋	hong yu tai zi	80	2026-10-03		poetry
虽饔飧不继	sui yong sun bu ji	80	2026-10-03		poetry
蚊虫遭扇打	wen chong zao shan da	80	2026-10-03		poetry
蚤占取韶光	zao zhan qu shao guang	80	2026-10-03		poetry
蛛网添丝屋角晴	zhu wang tian si wu jiao qing	80	2026-10-03		poetry
蝉声断续悲残月	chan sheng duan xu bei can yue	80	2026-10-03		poetry
蝴蝶梦中家万里	hu die meng zhong jia wan li	80	2026-10-03		poetry
蝶宿西园	die su xi yuan	80	2026-10-03		poetry
蝶衣晒粉花枝午	die yi shai fen hua zhi wu	80	2026-10-03		poetry
行人凄楚	xing ren qi chu	80	2026-10-03		poetry
行人渐老	xing ren jian lao	80	2026-10-03		poetry
行人长见	xing ren zhang jian	80	2026-10-03		poetry
行天入镜	xing tian ru jing	80	2026-10-03		poetry
行尽江南数十程	xing jin jiang nan shu shi cheng	80	2026-10-03		poetry
行矣顺风波	xing yi shun feng bo	80	2026-10-03		poetry
行船又遇打头风	xing chuan you yu da tou feng	80	2026-10-03		poetry
衙门少有念佛人	ya men shao you nian fo ren	80	2026-10-03		poetry
衙门就饿饭	ya men jiu e fan	80	2026-10-03		poetry
衙门深似海	ya men shen si hai	80	2026-10-03		poetry
衣带渐宽都不悔	yi dai jian kuan dou bu hui	80	2026-10-03		poetry
衣服补易新	yi fu bu yi xin	80	2026-10-03		poetry
衣润费垆烟	yi run fei lu yan	80	2026-10-03		poetry
衣裳淡雅	yi shang dan ya	80	2026-10-03		poetry
补遗增广	bu yi zeng guang	80	2026-10-03		poetry
被惜馀薰	bei xi yu xun	80	2026-10-03		poetry
裁翦冰绡	cai jian bing xiao	80	2026-10-03		poetry
西出都门百余里	xi chu dou men bai yu li	80	2026-10-03		poetry
西楼残月	xi lou can yue	80	2026-10-03		poetry
西风吹折	xi feng chui zhe	80	2026-10-03		poetry
要做快活人	yao zuo kuai huo ren	80	2026-10-03		poetry
要做有后人	yao zuo you hou ren	80	2026-10-03		poetry
要做长寿人	yao zuo chang shou ren	80	2026-10-03		poetry
要内外整洁	yao nei wai zheng jie	80	2026-10-03		poetry
要天知道	yao tian zhi dao	80	2026-10-03		poetry
要广行方便	yao guang xing fang bian	80	2026-10-03		poetry
要振家声在读书	yao zhen jia sheng zai du shu	80	2026-10-03		poetry
要知尽庆华封祝	yao zhi jin qing hua feng zhu	80	2026-10-03		poetry
要知心腹事	yao zhi xin fu shi	80	2026-10-03		poetry
要知江湖深	yao zhi jiang hu shen	80	2026-10-03		poetry
见人如故	jian ren ru gu	80	2026-10-03		poetry
见人富贵生欢喜	jian ren fu gui sheng huan xi	80	2026-10-03		poetry
见官莫向前	jian guan mo xiang qian	80	2026-10-03		poetry
见恶如探汤	jian e ru tan tang	80	2026-10-03		poetry
见色而起淫心	jian se er qi yin xin	80	2026-10-03		poetry
见败叶零乱	jian bai ye ling luan	80	2026-10-03		poetry
见贫苦亲邻	jian pin ku qin lin	80	2026-10-03		poetry
见钱起意便是贼	jian qian qi yi bian shi zei	80	2026-10-03		poetry
览景想前欢	lan jing xiang qian huan	80	2026-10-03		poetry
解佩溪边	jie pei xi bian	80	2026-10-03		poetry
解得春风无限恨	jie de chun feng wu xian hen	80	2026-10-03		poetry
解箨时闻声簌簌	jie tuo shi wen sheng su su	80	2026-10-03		poetry
触来莫与竞	chu lai mo yu jing	80	2026-10-03		poetry
言浅理深	yan qian li shen	80	2026-10-03		poetry
计程应说到常山	ji cheng ying shuo dao chang shan	80	2026-10-03		poetry
认蛾眉凝笑	ren e mei ning xiao	80	2026-10-03		poetry
讯远槎风	xun yuan cha feng	80	2026-10-03		poetry
记取崔徽模样	ji qu cui hui mu yang	80	2026-10-03		poetry
记取明年	ji qu ming nian	80	2026-10-03		poetry
记取楼前绿水	ji qu lou qian lv shui	80	2026-10-03		poetry
记取留时霎	ji qu liu shi sha	80	2026-10-03		poetry
记得少年骑竹马	ji de shao nian qi zhu ma	80	2026-10-03		poetry
记得旧文章	ji de jiu wen zhang	80	2026-10-03		poetry
记醉蹋南屏	ji zui ta nan ping	80	2026-10-03		poetry
许多春色	xu duo chun se	80	2026-10-03		poetry
讼则终凶	song ze zhong xiong	80	2026-10-03		poetry
访邻寻里	fang lin xun li	80	2026-10-03		poetry
识人多处是非多	shi ren duo chu shi fei duo	80	2026-10-03		poetry
词客衰时且未还	ci ke shuai shi qie wei hai	80	2026-10-03		poetry
试花桃树	shi hua tao shu	80	2026-10-03		poetry
诗书必读	shi shu bi du	80	2026-10-03		poetry
诗思浮沉樯影里	shi si fu chen qiang ying li	80	2026-10-03		poetry
话不投机六月寒	hua bu tou ji liu yue han	80	2026-10-03		poetry
话说不完	hua shuo bu wan	80	2026-10-03		poetry
该在水中死	gai zai shui zhong si	80	2026-10-03		poetry
说与旁人浑不解	shuo yu pang ren hun bu jie	80	2026-10-03		poetry
说话费精神	shuo hua fei jing shen	80	2026-10-03		poetry
读书志在圣贤	du shu zhi zai sheng xian	80	2026-10-03		poetry
读书须用意	du shu xu yong yi	80	2026-10-03		poetry
读过古华佗	du guo gu hua tuo	80	2026-10-03		poetry
谁与细倾春碧	shei yu xi qing chun bi	80	2026-10-03		poetry
谁与问东流	shei yu wen dong liu	80	2026-10-03		poetry
谁人不爱千锺粟	shui ren bu ai qian zhong su	80	2026-10-03		poetry
谁人不爱子孙贤	shui ren bu ai zi sun xian	80	2026-10-03		poetry
谁人做得千年主	shui ren zuo de qian nian zhu	80	2026-10-03		poetry
谁信东流海洋深	shui xin dong liu hai yang shen	80	2026-10-03		poetry
谁倚西楼淡月	shei yi xi lou dan yue	80	2026-10-03		poetry
谁家吹笛画楼中	shui jia chui di hua lou zhong	80	2026-10-03		poetry
谁家砧杵寂寥中	shui jia zhen chu ji liao zhong	80	2026-10-03		poetry
谁教岁岁红莲夜	shei jiao sui sui hong lian ye	80	2026-10-03		poetry
谁谓伤心画不成	shei wei shang xin hua bu cheng	80	2026-10-03		poetry
谁遣风沙暗南浦	shei qian feng sha an nan pu	80	2026-10-03		poetry
谁采苹花寄取	shei cai ping hua ji qu	80	2026-10-03		poetry
谢却海棠飞尽絮	xie que hai tang fei jin xu	80	2026-10-03		poetry
谣言不找谨慎人	yao yan bu zhao jin shen ren	80	2026-10-03		poetry
谦恭受益多	qian gong shou yi duo	80	2026-10-03		poetry
谦虚美德	qian xu mei de	80	2026-10-03		poetry
谩凝碧瓦难留	man ning bi wa nan liu	80	2026-10-03		poetry
谩惊回凄悄	man jing hui qi qiao	80	2026-10-03		poetry
谩惜馀熏	man xi yu xun	80	2026-10-03		poetry
谩想薰风	man xiang xun feng	80	2026-10-03		poetry
谩拟梨云梅雪	man ni li yun mei xue	80	2026-10-03		poetry
谩皱留仙裙折	man zhou liu xian qun zhe	80	2026-10-03		poetry
谩长门夜悄	man zhang men ye qiao	80	2026-10-03		poetry
豆腐多了是包水	dou fu duo le shi bao shui	80	2026-10-03		poetry
豆蔻梢头二月初	dou kou shao tou er yue chu	80	2026-10-03		poetry
豚栅鸡栖对掩扉	tun zha ji qi dui yan fei	80	2026-10-03		poetry
豪强一定受官刑	hao qiang yi ding shou guan xing	80	2026-10-03		poetry
贞妇爱色	zhen fu ai se	80	2026-10-03		poetry
贞妇贵徇夫	zhen fu gui xun fu	80	2026-10-03		poetry
财不归身恰是无	cai bu gui shen qia shi wu	80	2026-10-03		poetry
财不护亲	cai bu hu qin	80	2026-10-03		poetry
财交者密	cai jiao zhe mi	80	2026-10-03		poetry
财利要分清	cai li yao fen qing	80	2026-10-03		poetry
财可养生须注意	cai ke yang sheng xu zhu yi	80	2026-10-03		poetry
财多害自己	cai duo hai zi ji	80	2026-10-03		poetry
财多累心	cai duo lei xin	80	2026-10-03		poetry
财尽者疏	cai jin zhe shu	80	2026-10-03		poetry
财帛动人心	cai bo dong ren xin	80	2026-10-03		poetry
财来生我易	cai lai sheng wo yi	80	2026-10-03		poetry
贤妇令夫贵	xian fu ling fu gui	80	2026-10-03		poetry
贤德北服南单于	xian de bei fu nan chan yu	80	2026-10-03		poetry
败叶萧萧	bai ye xiao xiao	80	2026-10-03		poetry
败家子弟挥金如土	bai jia zi di hui jin ru tu	80	2026-10-03		poetry
货离乡贵	huo li xiang gui	80	2026-10-03		poetry
贪他一斗米	tan ta yi dou mi	80	2026-10-03		poetry
贫因不算来	pin yin bu suan lai	80	2026-10-03		poetry
贫子话多	pin zi hua duo	80	2026-10-03		poetry
贫家子弟积土成金	pin jia zi di ji tu cheng jin	80	2026-10-03		poetry
贫寒休要怨	pin han xiu yao yuan	80	2026-10-03		poetry
贫居闹市无人问	pin ju nao shi wu ren wen	80	2026-10-03		poetry
贫无达士将金赠	pin wu da shi jiang jin zeng	80	2026-10-03		poetry
贫穷不必再思量	pin qiong bu bi zai si liang	80	2026-10-03		poetry
贫穷自在	pin qiong zi zai	80	2026-10-03		poetry
贫莫与富斗	pin mo yu fu dou	80	2026-10-03		poetry
贵人头上不曾饶	gui ren tou shang bu ceng rao	80	2026-10-03		poetry
贵人语少	gui ren yu shao	80	2026-10-03		poetry
费伊心力	fei yi xin li	80	2026-10-03		poetry
贼不通地邻	zei bu tong de lin	80	2026-10-03		poetry
贼名难受	zei ming nan shou	80	2026-10-03		poetry
赊去物品莫取钱	she qu wu pin mo qu qian	80	2026-10-03		poetry
赊钱起屋	she qian qi wu	80	2026-10-03		poetry
赋就一篇怀马融	fu jiu yi pian huai ma rong	80	2026-10-03		poetry
赋就金门期再献	fu jiu jin men qi zai xian	80	2026-10-03		poetry
赏心东望淮水	shang xin dong wang huai shui	80	2026-10-03		poetry
赏心从此莫相违	shang xin cong ci mo xiang wei	80	2026-10-03		poetry
赚钱往前算	zhuan qian wang qian suan	80	2026-10-03		poetry
赠我江南春色	zeng wo jiang nan chun se	80	2026-10-03		poetry
赤日行天午不知	chi ri xing tian wu bu zhi	80	2026-10-03		poetry
走遍天下不满升	zou bian tian xia bu man sheng	80	2026-10-03		poetry
走遍天涯如游刃	zou bian tian ya ru you ren	80	2026-10-03		poetry
起寻机杼	qi xun ji zhu	80	2026-10-03		poetry
起来人未梳头	qi lai ren wei shu tou	80	2026-10-03		poetry
起视蚕稠怕叶稀	qi shi can chou pa ye xi	80	2026-10-03		poetry
路上有饥人	lu shang you ji ren	80	2026-10-03		poetry
路不铲不平	lu bu chan bu ping	80	2026-10-03		poetry
路自中峰上	lu zi zhong feng shang	80	2026-10-03		poetry
路逢侠客须呈剑	lu feng xia ke xu cheng jian	80	2026-10-03		poetry
路逢险处须回避	lu feng xian chu xu hui bi	80	2026-10-03		poetry
踏花归去马蹄香	ta hua gui qu ma ti xiang	80	2026-10-03		poetry
踏青挑菜	ta qing tiao cai	80	2026-10-03		poetry
踪迹大纲王粲传	zong ji da gang wang can chuan	80	2026-10-03		poetry
身平安莫怨贫	shen ping an mo yuan pin	80	2026-10-03		poetry
身经两世太平日	shen jing liang shi tai ping ri	80	2026-10-03		poetry
转于僮仆亲	zhuan yu tong pu qin	80	2026-10-03		poetry
转变朱颜	zhuan bian zhu yan	80	2026-10-03		poetry
转眼便为人父母	zhuan yan bian wei ren fu mu	80	2026-10-03		poetry
转眼便是白头翁	zhuan yan bian shi bai tou weng	80	2026-10-03		poetry
转眼又是白头翁	zhuan yan you shi bai tou weng	80	2026-10-03		poetry
转眼流传八百家	zhuan yan liu chuan ba bai jia	80	2026-10-03		poetry
轻听发言	qing ting fa yan	80	2026-10-03		poetry
轻失花期	qing shi hua qi	80	2026-10-03		poetry
轻寒帘影	qing han lian ying	80	2026-10-03		poetry
轻寒轻暖	qing han qing nuan	80	2026-10-03		poetry
轻拢慢拈	qing long man nian	80	2026-10-03		poetry
轻暝笼寒	qing ming long han	80	2026-10-03		poetry
轻松纤软	qing song xian ruan	80	2026-10-03		poetry
轻翻柳陌	qing fan liu mo	80	2026-10-03		poetry
轻颦微笑娇无奈	qing pin wei xiao jiao wu nai	80	2026-10-03		poetry
轻飞迅羽	qing fei xun yu	80	2026-10-03		poetry
载歌春兴曲	zai ge chun xing qu	80	2026-10-03		poetry
辇路生秋草	nian lu sheng qiu cao	80	2026-10-03		poetry
输人算之机	shu ren suan zhi ji	80	2026-10-03		poetry
辜负枕前云雨	gu fu zhen qian yun yu	80	2026-10-03		poetry
过了青明时节	guo le qing ming shi jie	80	2026-10-03		poetry
过了青春	guo le qing chun	80	2026-10-03		poetry
过去莫思量	guo qu mo si liang	80	2026-10-03		poetry
过后好相见	guo hou hao xiang jian	80	2026-10-03		poetry
过后心又变	guo hou xin you bian	80	2026-10-03		poetry
过后枉然	guo hou wang ran	80	2026-10-03		poetry
过头话难听	guo tou hua nan ting	80	2026-10-03		poetry
过头饭好吃	guo tou fan hao chi	80	2026-10-03		poetry
过谦即诈	guo qian ji zha	80	2026-10-03		poetry
运去金成铁	yun qu jin cheng tie	80	2026-10-03		poetry
运去难赊酒半壶	yun qu nan she jiu ban hu	80	2026-10-03		poetry
运去雷轰荐福碑	yun qu lei hong jian fu bei	80	2026-10-03		poetry
近寒食雨草萋萋	jin han shi yu cao qi qi	80	2026-10-03		poetry
近山不得枉烧柴	jin shan bu de wang shao chai	80	2026-10-03		poetry
近山识鸟音	jin shan shi niao yin	80	2026-10-03		poetry
近日带围宽尽	jin ri dai wei kuan jin	80	2026-10-03		poetry
近来学得乌龟法	jin lai xue de wu gui fa	80	2026-10-03		poetry
近来离思	jin lai li si	80	2026-10-03		poetry
近河不得枉使水	jin he bu de wang shi shui	80	2026-10-03		poetry
返照入闾巷	fan zhao ru lv xiang	80	2026-10-03		poetry
还在水里捞油花	hai zai shui li lao you hua	80	2026-10-03		poetry
还嫌猪无糟	hai xian zhu wu zao	80	2026-10-03		poetry
还将梦去	hai jiang meng qu	80	2026-10-03		poetry
还有挑脚汉	hai you tiao jiao han	80	2026-10-03		poetry
还移暗叶	hai yi an ye	80	2026-10-03		poetry
还记初关来	hai ji chu guan lai	80	2026-10-03		poetry
进山不怕伤人虎	jin shan bu pa shang ren hu	80	2026-10-03		poetry
进门看脸色	jin men kan lian se	80	2026-10-03		poetry
远书珍重何由达	yuan shu zhen zhong he you da	80	2026-10-03		poetry
远在儿孙近在身	yuan zai er sun jin zai shen	80	2026-10-03		poetry
远客一枝先折	yuan ke yi zhi xian zhe	80	2026-10-03		poetry
连山到海隅	lian shan dao hai yu	80	2026-10-03		poetry
连理枝头花正开	lian li zhi tou hua zheng kai	80	2026-10-03		poetry
迟日催花	chi ri cui hua	80	2026-10-03		poetry
迟起三慌	chi qi san huang	80	2026-10-03		poetry
退后思量事事宽	tui hou si liang shi shi kuan	80	2026-10-03		poetry
送尽东风过楚城	song jin dong feng guo chu cheng	80	2026-10-03		poetry
逆取顺取	ni qu shun qu	80	2026-10-03		poetry
选女莫选嫁奁	xuan nv mo xuan jia lian	80	2026-10-03		poetry
选婿莫选田园	xuan xu mo xuan tian yuan	80	2026-10-03		poetry
逍遥容与	xiao yao rong yu	80	2026-10-03		poetry
透窗风一线	tou chuang feng yi xian	80	2026-10-03		poetry
逢快莫赶	feng kuai mo gan	80	2026-10-03		poetry
逢贱莫懒	feng jian mo lan	80	2026-10-03		poetry
逦迤黄昏钟鼓	li yi huang hun zhong gu	80	2026-10-03		poetry
遇饮酒时须防醉	yu yin jiu shi xu fang zui	80	2026-10-03		poetry
遍倚危阑	bian yi wei lan	80	2026-10-03		poetry
道人不是悲秋客	dao ren bu shi bei qiu ke	80	2026-10-03		poetry
道路各别	dao lu ge bie	80	2026-10-03		poetry
道院僧房终不如	dao yuan seng fang zhong bu ru	80	2026-10-03		poetry
遗浮沉沣浦	yi fu chen feng pu	80	2026-10-03		poetry
遥天浸白波	yao tian jin bai bo	80	2026-10-03		poetry
遥山眉妩	yao shan mei wu	80	2026-10-03		poetry
遥岑远目	yao cen yuan mu	80	2026-10-03		poetry
避人五陵去	bi ren wu ling qu	80	2026-10-03		poetry
邃馆朱扉	sui guan zhu fei	80	2026-10-03		poetry
那堪时节正芳菲	na kan shi jie zheng fang fei	80	2026-10-03		poetry
那时元夜	na shi yuan ye	80	2026-10-03		poetry
那知旧遗逸	na zhi jiu yi yi	80	2026-10-03		poetry
邮亭深静	you ting shen jing	80	2026-10-03		poetry
邻里不和说是非	lin li bu he shuo shi fei	80	2026-10-03		poetry
都不归来	dou bu gui lai	80	2026-10-03		poetry
都付新诗	dou fu xin shi	80	2026-10-03		poetry
都入长杨作雨声	dou ru zhang yang zuo yu sheng	80	2026-10-03		poetry
都几日阴沈	dou ji ri yin shen	80	2026-10-03		poetry
都待笙歌散了	dou dai sheng ge san le	80	2026-10-03		poetry
都是薄命人	dou shi bo ming ren	80	2026-10-03		poetry
都来此事	dou lai ci shi	80	2026-10-03		poetry
酒不护贤	jiu bu hu xian	80	2026-10-03		poetry
酒中不语真君子	jiu zhong bu yu zhen jun zi	80	2026-10-03		poetry
酒债寻常处处有	jiu zhai xun chang chu chu you	80	2026-10-03		poetry
酒卮中有好花枝	jiu zhi zhong you hao hua zhi	80	2026-10-03		poetry
酒市渐闲灯火	jiu shi jian xian deng huo	80	2026-10-03		poetry
酒旗戏鼓甚处市	jiu qi xi gu shen chu shi	80	2026-10-03		poetry
酒涵花影红光溜	jiu han hua ying hong guang liu	80	2026-10-03		poetry
酒醒波远	jiu xing bo yuan	80	2026-10-03		poetry
酒里乾坤大	jiu li qian kun da	80	2026-10-03		poetry
酩然直到太平时	ming ran zhi dao tai ping shi	80	2026-10-03		poetry
醉后不知红日晚	zui hou bu zhi hong ri wan	80	2026-10-03		poetry
醉后添杯不如无	zui hou tian bei bu ru wu	80	2026-10-03		poetry
醉把茱萸仔细看	zui ba zhu yu zi xi kan	80	2026-10-03		poetry
醉红自暖	zui hong zi nuan	80	2026-10-03		poetry
醉魂愁梦相半	zui hun chou meng xiang ban	80	2026-10-03		poetry
醒眼看醉人	xing yan kan zui ren	80	2026-10-03		poetry
重唱梅边吸度曲	chong chang mei bian xi du qu	80	2026-10-03		poetry
重寻无处	zhong xun wu chu	80	2026-10-03		poetry
重染风尘京洛	zhong ran feng chen jing luo	80	2026-10-03		poetry
重燃绛蜡	chong ran jiang la	80	2026-10-03		poetry
重资财薄父母	zhong zi cai bao fu mu	80	2026-10-03		poetry
重过南楼	zhong guo nan lou	80	2026-10-03		poetry
野幕敞琼筵	ye mu chang qiong yan	80	2026-10-03		poetry
野棠花落	ye tang hua luo	80	2026-10-03		poetry
野田荒冢只生愁	ye tian huang zhong zhi sheng chou	80	2026-10-03		poetry
野花啼鸟一般春	ye hua ti niao yi ban chun	80	2026-10-03		poetry
量大祸不在	liang da huo bu zai	80	2026-10-03		poetry
金凭火炼方知色	jin ping huo lian fang zhi se	80	2026-10-03		poetry
金壶翦送琼枝	jin hu jian song qiong zhi	80	2026-10-03		poetry
金尊对绮筵	jin zun dui qi yan	80	2026-10-03		poetry
金尊清酒斗十千	jin zun qing jiu dou shi qian	80	2026-10-03		poetry
金炉香烬漏声残	jin lu xiang jin lou sheng can	80	2026-10-03		poetry
金绳铁索锁纽壮	jin sheng tie suo suo niu zhuang	80	2026-10-03		poetry
金谷俊游	jin gu jun you	80	2026-10-03		poetry
金钗斗草	jin chai dou cao	80	2026-10-03		poetry
金银到手非容易	jin yin dao shou fei rong yi	80	2026-10-03		poetry
金风未凛	jin feng wei lin	80	2026-10-03		poetry
钗头微缀	chai tou wei zhui	80	2026-10-03		poetry
钗头颤袅	chai tou chan niao	80	2026-10-03		poetry
钗钿堕处遗香泽	chai dian duo chu yi xiang ze	80	2026-10-03		poetry
钟磬杂笙歌	zhong qing za sheng ge	80	2026-10-03		poetry
钢刀刃自伤	gang dao ren zi shang	80	2026-10-03		poetry
钱多不经用	qian duo bu jing yong	80	2026-10-03		poetry
钱财如粪土	qian cai ru fen tu	80	2026-10-03		poetry
铜仙铅泪似洗	tong xian qian lei si xi	80	2026-10-03		poetry
银烛朝天紫陌长	yin zhu chao tian zi mo zhang	80	2026-10-03		poetry
银钱莫欺骗	yin qian mo qi pian	80	2026-10-03		poetry
锁乃君子之防	suo nai jun zi zhi fang	80	2026-10-03		poetry
错处他偏说得长	cuo chu ta pian shuo de zhang	80	2026-10-03		poetry
锦屏人妒	jin ping ren du	80	2026-10-03		poetry
锦筝弹怨	jin zheng dan yuan	80	2026-10-03		poetry
镐京春酒沾周宴	hao jing chun jiu zhan zhou yan	80	2026-10-03		poetry
镜暗妆残	jing an zhuang can	80	2026-10-03		poetry
长亭柳色缠黄	chang ting liu se chan huang	80	2026-10-03		poetry
长亭长在眼	chang ting zhang zai yan	80	2026-10-03		poetry
长夏江村风日清	chang xia jiang cun feng ri qing	80	2026-10-03		poetry
长大各乡里	zhang da ge xiang li	80	2026-10-03		poetry
长幼内外	zhang you nei wai	80	2026-10-03		poetry
长怀望断	zhang huai wang duan	80	2026-10-03		poetry
长恨相从未款	chang hen xiang cong wei kuan	80	2026-10-03		poetry
长愿相随	zhang yuan xiang sui	80	2026-10-03		poetry
长是懒携手去	zhang shi lan xie shou qu	80	2026-10-03		poetry
长波妒盼	chang bo du pan	80	2026-10-03		poetry
长记晓妆才了	zhang ji xiao zhuang cai le	80	2026-10-03		poetry
长记那回时	zhang ji na hui shi	80	2026-10-03		poetry
长路人挑担	chang lu ren tiao dan	80	2026-10-03		poetry
长近尊前	zhang jin zun qian	80	2026-10-03		poetry
长门青草春风泪	zhang men qing cao chun feng lei	80	2026-10-03		poetry
门为小人而设	men wei xiao ren er she	80	2026-10-03		poetry
门外无人问落花	men wai wu ren wen luo hua	80	2026-10-03		poetry
门外残红春已去	men wai can hong chun yi qu	80	2026-10-03		poetry
门隔花深梦旧游	men ge hua shen meng jiu you	80	2026-10-03		poetry
问前度桃花	wen qian du tao hua	80	2026-10-03		poetry
问春何苦匆匆	wen chun he ku cong cong	80	2026-10-03		poetry
问甚时说与	wen shen shi shuo yu	80	2026-10-03		poetry
问着东君总不知	wen zhe dong jun zong bu zhi	80	2026-10-03		poetry
闲事莫管	xian shi mo guan	80	2026-10-03		poetry
闲依露井	xian yi lou jing	80	2026-10-03		poetry
闲品秦筝	xian pin qin zheng	80	2026-10-03		poetry
闲坐不如看书	xian zuo bu ru kan shu	80	2026-10-03		poetry
闲坐小窗读周易	xian zuo xiao chuang du zhou yi	80	2026-10-03		poetry
闲来垂钓坐溪上	xian lai chui diao zuo xi shang	80	2026-10-03		poetry
闲来无事不从容	xian lai wu shi bu cong rong	80	2026-10-03		poetry
闲登小阁看新晴	xian deng xiao ge kan xin qing	80	2026-10-03		poetry
闲看儿童捉柳花	xian kan er tong zhuo liu hua	80	2026-10-03		poetry
闲花俱谢	xian hua ju xie	80	2026-10-03		poetry
闲院落凄凉	xian yuan luo qi liang	80	2026-10-03		poetry
闷听笙歌聒醉人	men ting sheng ge guo zui ren	80	2026-10-03		poetry
闹花深处层楼	nao hua shen chu ceng lou	80	2026-10-03		poetry
闹里夺争	nao li duo zheng	80	2026-10-03		poetry
闹里挣钱	nao li zheng qian	80	2026-10-03		poetry
闻琴解神仙侣	wen qin jie shen xian lv	80	2026-10-03		poetry
阊阖千门万户开	chang he qian men wan hu kai	80	2026-10-03		poetry
阑干影卧东厢月	lan gan ying wo dong xiang yue	80	2026-10-03		poetry
阳台路迥	yang tai lu jiong	80	2026-10-03		poetry
阴晴天气又争知	yin qing tian qi you zheng zhi	80	2026-10-03		poetry
阶前众壑深	jie qian zhong he shen	80	2026-10-03		poetry
陆机才多岂自保	lu ji cai duo qi zi bao	80	2026-10-03		poetry
随风化为轻絮	sui feng hua wei qing xu	80	2026-10-03		poetry
隐映新妆	yin ying xin zhuang	80	2026-10-03		poetry
隐约遥峰	yin yue yao feng	80	2026-10-03		poetry
隔壁岂无耳	ge bi qi wu er	80	2026-10-03		poetry
隔岸越山多	ge an yue shan duo	80	2026-10-03		poetry
隔水高楼	ge shui gao lou	80	2026-10-03		poetry
隔烟催漏金虬咽	ge yan cui lou jin qiu yan	80	2026-10-03		poetry
隔花时见	ge hua shi jian	80	2026-10-03		poetry
隔行莫贪利	ge hang mo tan li	80	2026-10-03		poetry
隔院芸香	ge yuan yun xiang	80	2026-10-03		poetry
障风映袖	zhang feng ying xiu	80	2026-10-03		poetry
难听夜雨	nan ting ye yu	80	2026-10-03		poetry
难寻官渡	nan xun guan du	80	2026-10-03		poetry
难翦离愁千缕	nan jian li chou qian lv	80	2026-10-03		poetry
难补金镜	nan bu jin jing	80	2026-10-03		poetry
难贮零露	nan zhu ling lou	80	2026-10-03		poetry
雁过斜阳	yan guo xie yang	80	2026-10-03		poetry
雄飞呼雌绕林间	xiong fei hu ci rao lin jian	80	2026-10-03		poetry
集成书文	ji cheng shu wen	80	2026-10-03		poetry
雨前初见花间蕊	yu qian chu jian hua jian rui	80	2026-10-03		poetry
雪云散尽	xue yun san jin	80	2026-10-03		poetry
雪消华月满仙台	xue xiao hua yue man xian tai	80	2026-10-03		poetry
雪绵松润	xue mian song run	80	2026-10-03		poetry
雪里吟香弄粉些	xue li yin xiang nong fen xie	80	2026-10-03		poetry
零乱多少寒	ling luan duo shao han	80	2026-10-03		poetry
雷惊天地龙蛇蛰	lei jing tian di long she zhe	80	2026-10-03		poetry
雷打三世冤	lei da san shi yuan	80	2026-10-03		poetry
雾沈半垒	wu shen ban lei	80	2026-10-03		poetry
雾隐城堞	wu yin cheng die	80	2026-10-03		poetry
需分多润寡	xu fen duo run gua	80	2026-10-03		poetry
需平心暗想	xu ping xin an xiang	80	2026-10-03		poetry
霎时凝伫	sha shi ning zhu	80	2026-10-03		poetry
霜丝多少	shuang si duo shao	80	2026-10-03		poetry
霜凋岸草	shuang diao an cao	80	2026-10-03		poetry
霜芜似织	shuang wu si zhi	80	2026-10-03		poetry
霜落芝城柳影疏	shuang luo zhi cheng liu ying shu	80	2026-10-03		poetry
青丝勒马	qing si le ma	80	2026-10-03		poetry
青楼彷佛	qing lou pang fo	80	2026-10-03		poetry
青楼薄名存	qing lou bao ming cun	80	2026-10-03		poetry
青盖亭亭	qing gai ting ting	80	2026-10-03		poetry
青草池塘独听蛙	qing cao chi tang du ting wa	80	2026-10-03		poetry
青门都废	qing men dou fei	80	2026-10-03		poetry
静绕珍丛底	jing rao zhen cong di	80	2026-10-03		poetry
非亲却是亲	fei qin que shi qin	80	2026-10-03		poetry
非徒科第	fei tu ke di	80	2026-10-03		poetry
非闺房之福	fei gui fang zhi fu	80	2026-10-03		poetry
非雾非烟深处	fei wu fei yan shen chu	80	2026-10-03		poetry
面临水岸	mian lin shui an	80	2026-10-03		poetry
韦郎去也	wei lang qu ye	80	2026-10-03		poetry
韵险还慵押	yun xian hai yong ya	80	2026-10-03		poetry
顺手牵羊乃为盗	shun shou qian yang nai wei dao	80	2026-10-03		poetry
顺时听天	shun shi ting tian	80	2026-10-03		poetry
须下死工夫	xu xia si gong fu	80	2026-10-03		poetry
须加温恤	xu jia wen xu	80	2026-10-03		poetry
须向根头寻活计	xu xiang gen tou xun huo ji	80	2026-10-03		poetry
须用世间财	xu yong shi jian cai	80	2026-10-03		poetry
须知世上苦情多	xu zhi shi shang ku qing duo	80	2026-10-03		poetry
须邀织女弄金梭	xu yao zhi nv nong jin suo	80	2026-10-03		poetry
须防仁不仁	xu fang ren bu ren	80	2026-10-03		poetry
顿成清别	dun cheng qing bie	80	2026-10-03		poetry
频来亲也疏	pin lai qin ye shu	80	2026-10-03		poetry
频移带眼	pin yi dai yan	80	2026-10-03		poetry
颓惰自甘	tui duo zi gan	80	2026-10-03		poetry
题门惆怅	ti men chou chang	80	2026-10-03		poetry
颠倒苍苔落绛英	dian dao cang tai luo jiang ying	80	2026-10-03		poetry
颠狂柳絮随风舞	dian kuang liu xu sui feng wu	80	2026-10-03		poetry
风光别我苦吟身	feng guang bie wo ku yin shen	80	2026-10-03		poetry
风多响易沈	feng duo xiang yi shen	80	2026-10-03		poetry
风定犹舞	feng ding you wu	80	2026-10-03		poetry
风悲画角	feng bei hua jiao	80	2026-10-03		poetry
风月佳时	feng yue jia shi	80	2026-10-03		poetry
风流不用衣着佳	feng liu bu yong yi zhuo jia	80	2026-10-03		poetry
风灯零乱	feng deng ling luan	80	2026-10-03		poetry
风销焰蜡	feng xiao yan la	80	2026-10-03		poetry
风雨愁人	feng yu chou ren	80	2026-10-03		poetry
飘扬血色裙拖地	piao yang xue se qun tuo di	80	2026-10-03		poetry
飞烟五候宅	fei yan wu hou zhai	80	2026-10-03		poetry
飞盖妨花	fei gai fang hua	80	2026-10-03		poetry
飞过苍茫	fei guo cang mang	80	2026-10-03		poetry
食多嚼不赢	shi duo jue bu ying	80	2026-10-03		poetry
饮食约而精	yin shi yue er jing	80	2026-10-03		poetry
饶人不是痴汉	rao ren bu shi chi han	80	2026-10-03		poetry
饶人算之本	rao ren suan zhi ben	80	2026-10-03		poetry
香屏空掩	xiang ping kong yan	80	2026-10-03		poetry
香瘢新褪红丝腕	xiang ban xin tun hong si wan	80	2026-10-03		poetry
香西风雨	xiang xi feng yu	80	2026-10-03		poetry
香雾空蒙月转廊	xiang wu kong meng yue zhuan lang	80	2026-10-03		poetry
马嘶人起	ma si ren qi	80	2026-10-03		poetry
马无夜草不肥	ma wu ye cao bu fei	80	2026-10-03		poetry
马牛如襟裾	ma niu ru jin ju	80	2026-10-03		poetry
马行无力皆因瘦	ma xing wu li jie yin shou	80	2026-10-03		poetry
骂人莫骂短	ma ren mo ma duan	80	2026-10-03		poetry
骏马名姬	jun ma ming ji	80	2026-10-03		poetry
骨肉更甚于外人	gu rou geng shen yu wai ren	80	2026-10-03		poetry
高人求低易	gao ren qiu di yi	80	2026-10-03		poetry
高列千峰宝炬森	gao lie qian feng bao ju sen	80	2026-10-03		poetry
高枕石头眠	gao zhen shi tou mian	80	2026-10-03		poetry
高柳乱蝉栖	gao liu luan chan qi	80	2026-10-03		poetry
鬓怯琼梳	bin qie qiong shu	80	2026-10-03		poetry
鱼为奔波始化龙	yu wei ben bo shi hua long	80	2026-10-03		poetry
鱼书欲寄何由达	yu shu yu ji he you da	80	2026-10-03		poetry
鲈鱼正美不归去	lu yu zheng mei bu gui qu	80	2026-10-03		poetry
鸟道高原去	niao dao gao yuan qu	80	2026-10-03		poetry
鸟飞不尽	niao fei bu jin	80	2026-10-03		poetry
鸦啼莺弄	ya ti ying nong	80	2026-10-03		poetry
鸦有反哺之情	ya you fan bu zhi qing	80	2026-10-03		poetry
鸾分槛影	luan fen kan ying	80	2026-10-03		poetry
鸾鉴朱颜惊暗换	luan jian zhu yan jing an huan	80	2026-10-03		poetry
鸿雁悲鸣红蓼风	hong yan bei ming hong liao feng	80	2026-10-03		poetry
鹅湖山下稻粱肥	e hu shan xia dao liang fei	80	2026-10-03		poetry
麝过春山草木香	she guo chun shan cao mu xiang	80	2026-10-03		poetry
麻苎裙衫鬓发焦	ma zhu qun shan bin fa jiao	80	2026-10-03		poetry
黄云堆雪	huang yun dui xue	80	2026-10-03		poetry
黄昏小院	huang hun xiao yuan	80	2026-10-03		poetry
黄梅不落青梅落	huang mei bu la qing mei luo	80	2026-10-03		poetry
黄河尚有澄清日	huang he shang you cheng qing ri	80	2026-10-03		poetry
黄芩无假	huang qin wu jia	80	2026-10-03		poetry
黄蜂一口针	huang feng yi kou zhen	80	2026-10-03		poetry
黄金散尽为收书	huang jin san jin wei shou shu	80	2026-10-03		poetry
黄金未为贵	huang jin wei wei gui	80	2026-10-03		poetry
黄金甲锁雷霆印	huang jin jia suo lei ting yin	80	2026-10-03		poetry
黍梦光阴渐老	shu meng guang yin jian lao	80	2026-10-03		poetry
黛云远澹	dai yun yuan dan	80	2026-10-03		poetry
齿落皆因眶	chi luo jie yin kuang	80	2026-10-03		poetry
龙归晚洞云犹湿	long gui wan dong yun you shi	80	2026-10-03		poetry
龙游浅水遭虾戏	long you qian shui zao xia xi	80	2026-10-03		poetry
龟名难当	gui ming nan dang	80	2026-10-03		poetry
